Hour,Timestamp,Busyness Predicted,Taxi Zone ID
0,1691276400.0,0.13797435,4
1,1691280000.0,0.116850086,4
2,1691283600.0,0.089614995,4
3,1691287200.0,0.042632487,4
4,1691290800.0,0.02078616,4
5,1691294400.0,-0.0024780596,4
6,1691298000.0,-0.057775486,4
7,1691301600.0,-0.09458499,4
8,1691305200.0,-0.05543116,4
9,1691308800.0,-0.034220636,4
10,1691312400.0,-0.0014094937,4
11,1691316000.0,0.0043336838,4
12,1691319600.0,0.01691742,4
13,1691323200.0,0.017500082,4
14,1691326800.0,0.028216675,4
15,1691330400.0,0.031040126,4
16,1691334000.0,0.039486006,4
17,1691337600.0,0.050320614,4
18,1691341200.0,0.04614387,4
19,1691344800.0,0.062935665,4
20,1691348400.0,0.049426194,4
21,1691352000.0,0.050320998,4
22,1691355600.0,0.023466472,4
23,1691359200.0,0.0031921312,4
0,1691276400.0,0.0652035,12
1,1691280000.0,0.048419364,12
2,1691283600.0,0.052187853,12
3,1691287200.0,0.019569753,12
4,1691290800.0,-0.0022765864,12
5,1691294400.0,-0.019552175,12
6,1691298000.0,-0.061264712,12
7,1691301600.0,-0.07667641,12
8,1691305200.0,-0.0386551,12
9,1691308800.0,-0.03894186,12
10,1691312400.0,0.0096624065,12
11,1691316000.0,0.01497037,12
12,1691319600.0,0.027698323,12
13,1691323200.0,0.028280985,12
14,1691326800.0,0.033628944,12
15,1691330400.0,0.03421728,12
16,1691334000.0,0.038928106,12
17,1691337600.0,0.05133756,12
18,1691341200.0,0.050144132,12
19,1691344800.0,0.066935934,12
20,1691348400.0,0.026712291,12
21,1691352000.0,0.02760709,12
22,1691355600.0,-0.009311882,12
23,1691359200.0,-0.015677866,12
0,1691276400.0,0.019458689,13
1,1691280000.0,0.015650691,13
2,1691283600.0,0.0050009144,13
3,1691287200.0,-0.018788066,13
4,1691290800.0,-0.02011687,13
5,1691294400.0,-0.029545678,13
6,1691298000.0,-0.074724406,13
7,1691301600.0,-0.072795644,13
8,1691305200.0,-0.05892045,13
9,1691308800.0,-0.04157171,13
10,1691312400.0,-0.015427424,13
11,1691316000.0,-0.00056342233,13
12,1691319600.0,-0.0032910942,13
13,1691323200.0,-0.0032910942,13
14,1691326800.0,0.00019344501,13
15,1691330400.0,0.0030169026,13
16,1691334000.0,0.00664417,13
17,1691337600.0,0.012736926,13
18,1691341200.0,0.0048681214,13
19,1691344800.0,0.018237425,13
20,1691348400.0,-0.009073636,13
21,1691352000.0,-0.008178836,13
22,1691355600.0,-0.03971742,13
23,1691359200.0,-0.056927722,13
0,1691276400.0,0.09636515,24
1,1691280000.0,0.070524804,24
2,1691283600.0,0.04870562,24
3,1691287200.0,0.015515063,24
4,1691290800.0,-0.0063312827,24
5,1691294400.0,-0.024872487,24
6,1691298000.0,-0.06532835,24
7,1691301600.0,-0.06685057,24
8,1691305200.0,-0.0041186856,24
9,1691308800.0,0.024742978,24
10,1691312400.0,0.09258138,24
11,1691316000.0,0.11885791,24
12,1691319600.0,0.1260809,24
13,1691323200.0,0.1263834,24
14,1691326800.0,0.13261347,24
15,1691330400.0,0.120554894,24
16,1691334000.0,0.12550004,24
17,1691337600.0,0.13790952,24
18,1691341200.0,0.13004068,24
19,1691344800.0,0.13858192,24
20,1691348400.0,0.08089545,24
21,1691352000.0,0.08179025,24
22,1691355600.0,0.045869637,24
23,1691359200.0,0.0064543914,24
0,1691276400.0,0.13265488,41
1,1691280000.0,0.10681453,41
2,1691283600.0,0.08400283,41
3,1691287200.0,0.037020337,41
4,1691290800.0,0.015173994,41
5,1691294400.0,-0.002101578,41
6,1691298000.0,-0.043823045,41
7,1691301600.0,-0.046393562,41
8,1691305200.0,-0.00019968269,41
9,1691308800.0,0.023384966,41
10,1691312400.0,0.064778954,41
11,1691316000.0,0.08590286,41
12,1691319600.0,0.102441564,41
13,1691323200.0,0.10302422,41
14,1691326800.0,0.10897986,41
15,1691330400.0,0.11180331,41
16,1691334000.0,0.1189912,41
17,1691337600.0,0.13868506,41
18,1691341200.0,0.13081622,41
19,1691344800.0,0.14760806,41
20,1691348400.0,0.10667632,41
21,1691352000.0,0.10757112,41
22,1691355600.0,0.06255068,41
23,1691359200.0,0.04719996,41
0,1691276400.0,0.08070145,42
1,1691280000.0,0.0707176,42
2,1691283600.0,0.056739442,42
3,1691287200.0,0.021956554,42
4,1691290800.0,0.00011022284,42
5,1691294400.0,-0.010634143,42
6,1691298000.0,-0.046182808,42
7,1691301600.0,-0.08367543,42
8,1691305200.0,-0.057708878,42
9,1691308800.0,-0.028847251,42
10,1691312400.0,0.01511932,42
11,1691316000.0,0.042325158,42
12,1691319600.0,0.053210746,42
13,1691323200.0,0.053793408,42
14,1691326800.0,0.050720524,42
15,1691330400.0,0.053543977,42
16,1691334000.0,0.06073188,42
17,1691337600.0,0.07156647,42
18,1691341200.0,0.06369766,42
19,1691344800.0,0.08048951,42
20,1691348400.0,0.04026584,42
21,1691352000.0,0.04116064,42
22,1691355600.0,-0.003273195,42
23,1691359200.0,-0.034057174,42
0,1691276400.0,0.11450831,43
1,1691280000.0,0.08866801,43
2,1691283600.0,0.06608324,43
3,1691287200.0,0.019100739,43
4,1691290800.0,-0.0027455818,43
5,1691294400.0,-0.020021174,43
6,1691298000.0,-0.074030444,43
7,1691301600.0,-0.08395888,43
8,1691305200.0,-0.06666107,43
9,1691308800.0,-0.04951176,43
10,1691312400.0,-0.009530392,43
11,1691316000.0,-0.005314134,43
12,1691319600.0,0.0112245865,43
13,1691323200.0,0.011807248,43
14,1691326800.0,0.022523817,43
15,1691330400.0,0.02534727,43
16,1691334000.0,0.03253518,43
17,1691337600.0,0.05024387,43
18,1691341200.0,0.045664404,43
19,1691344800.0,0.062456194,43
20,1691348400.0,0.022232562,43
21,1691352000.0,0.023127362,43
22,1691355600.0,-0.0023324837,43
23,1691359200.0,-0.019098822,43
0,1691276400.0,0.10657641,45
1,1691280000.0,0.082906134,45
2,1691283600.0,0.044838086,45
3,1691287200.0,0.03045933,45
4,1691290800.0,0.008612968,45
5,1691294400.0,-0.01826035,45
6,1691298000.0,-0.008392895,45
7,1691301600.0,0.01663425,45
8,1691305200.0,0.10038075,45
9,1691308800.0,0.1699715,45
10,1691312400.0,0.29835585,45
11,1691316000.0,0.34704226,45
12,1691319600.0,0.3635809,45
13,1691323200.0,0.36416358,45
14,1691326800.0,0.3748802,45
15,1691330400.0,0.37770364,45
16,1691334000.0,0.3812486,45
17,1691337600.0,0.38927883,45
18,1691341200.0,0.33169848,45
19,1691344800.0,0.3116882,45
20,1691348400.0,0.20826443,45
21,1691352000.0,0.19662347,45
22,1691355600.0,0.14818463,45
23,1691359200.0,0.06605485,45
0,1691276400.0,0.7162539,48
1,1691280000.0,0.5456155,48
2,1691283600.0,0.4258783,48
3,1691287200.0,0.30082008,48
4,1691290800.0,0.19632727,48
5,1691294400.0,0.09049853,48
6,1691298000.0,0.07430708,48
7,1691301600.0,0.109896496,48
8,1691305200.0,0.16489807,48
9,1691308800.0,0.24534772,48
10,1691312400.0,0.3276892,48
11,1691316000.0,0.4492618,48
12,1691319600.0,0.48366806,48
13,1691323200.0,0.48425072,48
14,1691326800.0,0.49496725,48
15,1691330400.0,0.49779072,48
16,1691334000.0,0.53669333,48
17,1691337600.0,0.6098731,48
18,1691341200.0,0.64111036,48
19,1691344800.0,0.6586293,48
20,1691348400.0,0.5702065,48
21,1691352000.0,0.5436815,48
22,1691355600.0,0.47053418,48
23,1691359200.0,0.3998527,48
0,1691276400.0,0.19028002,50
1,1691280000.0,0.16443965,50
2,1691283600.0,0.11567933,50
3,1691287200.0,0.06869682,50
4,1691290800.0,0.028586261,50
5,1691294400.0,0.011310687,50
6,1691298000.0,-0.030410787,50
7,1691301600.0,-0.02427193,50
8,1691305200.0,0.049132153,50
9,1691308800.0,0.07799384,50
10,1691312400.0,0.1280576,50
11,1691316000.0,0.14137183,50
12,1691319600.0,0.15929748,50
13,1691323200.0,0.15988015,50
14,1691326800.0,0.17059669,50
15,1691330400.0,0.16807367,50
16,1691334000.0,0.1752616,50
17,1691337600.0,0.18767102,50
18,1691341200.0,0.17980221,50
19,1691344800.0,0.19659403,50
20,1691348400.0,0.15637039,50
21,1691352000.0,0.15726519,50
22,1691355600.0,0.12134455,50
23,1691359200.0,0.093762286,50
0,1691276400.0,0.46239984,68
1,1691280000.0,0.39438516,68
2,1691283600.0,0.34562472,68
3,1691287200.0,0.1936678,68
4,1691290800.0,0.11599341,68
5,1691294400.0,0.061005138,68
6,1691298000.0,0.055163935,68
7,1691301600.0,0.06779672,68
8,1691305200.0,0.12356022,68
9,1691308800.0,0.20424595,68
10,1691312400.0,0.33402866,68
11,1691316000.0,0.3602994,68
12,1691319600.0,0.47980973,68
13,1691323200.0,0.48391157,68
14,1691326800.0,0.4946281,68
15,1691330400.0,0.5063213,68
16,1691334000.0,0.5135092,68
17,1691337600.0,0.5296891,68
18,1691341200.0,0.49927428,68
19,1691344800.0,0.5160662,68
20,1691348400.0,0.44641048,68
21,1691352000.0,0.4552105,68
22,1691355600.0,0.40854514,68
23,1691359200.0,0.30074638,68
0,1691276400.0,1.0484427,74
1,1691280000.0,1.0625626,74
2,1691283600.0,0.87202686,74
3,1691287200.0,0.6040147,74
4,1691290800.0,0.26298195,74
5,1691294400.0,0.095497146,74
6,1691298000.0,0.048719276,74
7,1691301600.0,0.003591832,74
8,1691305200.0,0.087338366,74
9,1691308800.0,0.11620001,74
10,1691312400.0,0.20782462,74
11,1691316000.0,0.29228246,74
12,1691319600.0,0.34730837,74
13,1691323200.0,0.34789103,74
14,1691326800.0,0.35860756,74
15,1691330400.0,0.361431,74
16,1691334000.0,0.36861888,74
17,1691337600.0,0.35616276,74
18,1691341200.0,0.52233505,74
19,1691344800.0,0.5447046,74
20,1691348400.0,0.5567691,74
21,1691352000.0,0.55766386,74
22,1691355600.0,0.5371943,74
23,1691359200.0,0.45508105,74
0,1691276400.0,0.11076739,75
1,1691280000.0,0.090720214,75
2,1691283600.0,0.08216109,75
3,1691287200.0,0.051253676,75
4,1691290800.0,0.029407326,75
5,1691294400.0,0.012131756,75
6,1691298000.0,-0.0295897,75
7,1691301600.0,-0.009830701,75
8,1691305200.0,0.016248524,75
9,1691308800.0,0.039398924,75
10,1691312400.0,0.09324489,75
11,1691316000.0,0.09812724,75
12,1691319600.0,0.10815658,75
13,1691323200.0,0.108739235,75
14,1691326800.0,0.10682476,75
15,1691330400.0,0.10964821,75
16,1691334000.0,0.11683612,75
17,1691337600.0,0.115638874,75
18,1691341200.0,0.10777005,75
19,1691344800.0,0.12456186,75
20,1691348400.0,0.09332992,75
21,1691352000.0,0.09422473,75
22,1691355600.0,0.05830412,75
23,1691359200.0,0.0326037,75
0,1691276400.0,0.1378125,79
1,1691280000.0,0.111972146,79
2,1691283600.0,0.07606798,79
3,1691287200.0,0.04115578,79
4,1691290800.0,0.022931406,79
5,1691294400.0,0.014079217,79
6,1691298000.0,-0.005582149,79
7,1691301600.0,0.012674527,79
8,1691305200.0,0.055586275,79
9,1691308800.0,0.06490354,79
10,1691312400.0,0.11103972,79
11,1691316000.0,0.11490625,79
12,1691319600.0,0.12308954,79
13,1691323200.0,0.1236722,79
14,1691326800.0,0.13438872,79
15,1691330400.0,0.13721217,79
16,1691334000.0,0.13467431,79
17,1691337600.0,0.14369099,79
18,1691341200.0,0.13595401,79
19,1691344800.0,0.14008242,79
20,1691348400.0,0.10246565,79
21,1691352000.0,0.10273314,79
22,1691355600.0,0.06681256,79
23,1691359200.0,0.049037676,79
0,1691276400.0,0.18921483,87
1,1691280000.0,0.16337448,87
2,1691283600.0,0.11461415,87
3,1691287200.0,0.06763165,87
4,1691290800.0,0.01951163,87
5,1691294400.0,0.0022360578,87
6,1691298000.0,-0.055239785,87
7,1691301600.0,-0.07363495,87
8,1691305200.0,0.0011042508,87
9,1691308800.0,0.028914586,87
10,1691312400.0,0.07205043,87
11,1691316000.0,0.092975885,87
12,1691319600.0,0.10951458,87
13,1691323200.0,0.11009724,87
14,1691326800.0,0.1208138,87
15,1691330400.0,0.123637244,87
16,1691334000.0,0.13082516,87
17,1691337600.0,0.1432346,87
18,1691341200.0,0.13890156,87
19,1691344800.0,0.1556934,87
20,1691348400.0,0.122493595,87
21,1691352000.0,0.13141355,87
22,1691355600.0,0.09549297,87
23,1691359200.0,0.07459856,87
0,1691276400.0,0.09520417,88
1,1691280000.0,0.06936382,88
2,1691283600.0,0.042380314,88
3,1691287200.0,0.0058368314,88
4,1691290800.0,-0.01600953,88
5,1691294400.0,-0.033285126,88
6,1691298000.0,-0.06683878,88
7,1691301600.0,-0.1182376,88
8,1691305200.0,-0.04394498,88
9,1691308800.0,-0.028771851,88
10,1691312400.0,0.014193907,88
11,1691316000.0,0.023655713,88
12,1691319600.0,0.040194407,88
13,1691323200.0,0.04077707,88
14,1691326800.0,0.043210827,88
15,1691330400.0,0.034423597,88
16,1691334000.0,0.039134428,88
17,1691337600.0,0.043463487,88
18,1691341200.0,0.04227006,88
19,1691344800.0,0.059061863,88
20,1691348400.0,0.0189298,88
21,1691352000.0,0.0198246,88
22,1691355600.0,-0.016095996,88
23,1691359200.0,-0.05220824,88
0,1691276400.0,0.33945063,90
1,1691280000.0,0.3120829,90
2,1691283600.0,0.26405042,90
3,1691287200.0,0.17464422,90
4,1691290800.0,0.084879756,90
5,1691294400.0,0.023918461,90
6,1691298000.0,-0.02170619,90
7,1691301600.0,-0.019080129,90
8,1691305200.0,0.052825883,90
9,1691308800.0,0.10307887,90
10,1691312400.0,0.18310823,90
11,1691316000.0,0.23179768,90
12,1691319600.0,0.2585672,90
13,1691323200.0,0.26403087,90
14,1691326800.0,0.27474746,90
15,1691330400.0,0.2775709,90
16,1691334000.0,0.28475878,90
17,1691337600.0,0.27720383,90
18,1691341200.0,0.28461444,90
19,1691344800.0,0.30698398,90
20,1691348400.0,0.25078455,90
21,1691352000.0,0.25167933,90
22,1691355600.0,0.23265243,90
23,1691359200.0,0.19120012,90
0,1691276400.0,0.12543407,100
1,1691280000.0,0.108766235,100
2,1691283600.0,0.082861856,100
3,1691287200.0,0.035879347,100
4,1691290800.0,0.002564191,100
5,1691294400.0,-0.0199718,100
6,1691298000.0,-0.07271774,100
7,1691301600.0,-0.097655535,100
8,1691305200.0,-0.058779497,100
9,1691308800.0,-0.025056716,100
10,1691312400.0,0.010617148,100
11,1691316000.0,0.02708356,100
12,1691319600.0,0.044975128,100
13,1691323200.0,0.04139439,100
14,1691326800.0,0.048247907,100
15,1691330400.0,0.05037497,100
16,1691334000.0,0.05756288,100
17,1691337600.0,0.069972314,100
18,1691341200.0,0.0667991,100
19,1691344800.0,0.08359092,100
20,1691348400.0,0.05629662,100
21,1691352000.0,0.057191413,100
22,1691355600.0,0.027032044,100
23,1691359200.0,0.010469982,100
0,1691276400.0,0.15679078,107
1,1691280000.0,0.100115724,107
2,1691283600.0,0.04594417,107
3,1691287200.0,-0.009522196,107
4,1691290800.0,-0.03136854,107
5,1691294400.0,-0.027123667,107
6,1691298000.0,-0.039394636,107
7,1691301600.0,-0.022737714,107
8,1691305200.0,0.044488925,107
9,1691308800.0,0.073350586,107
10,1691312400.0,0.16800609,107
11,1691316000.0,0.1942769,107
12,1691319600.0,0.21081556,107
13,1691323200.0,0.21139823,107
14,1691326800.0,0.22211486,107
15,1691330400.0,0.2249383,107
16,1691334000.0,0.23212615,107
17,1691337600.0,0.24453557,107
18,1691341200.0,0.2366668,107
19,1691344800.0,0.24335288,107
20,1691348400.0,0.1696265,107
21,1691352000.0,0.14507465,107
22,1691355600.0,0.15328598,107
23,1691359200.0,0.11027173,107
0,1691276400.0,0.44772446,113
1,1691280000.0,0.4162234,113
2,1691283600.0,0.3466651,113
3,1691287200.0,0.22648188,113
4,1691290800.0,0.09296955,113
5,1691294400.0,0.058220398,113
6,1691298000.0,0.010447215,113
7,1691301600.0,0.06644621,113
8,1691305200.0,0.15019266,113
9,1691308800.0,0.18865035,113
10,1691312400.0,0.23871411,113
11,1691316000.0,0.2649849,113
12,1691319600.0,0.32355425,113
13,1691323200.0,0.3241369,113
14,1691326800.0,0.3348535,113
15,1691330400.0,0.33767694,113
16,1691334000.0,0.34486482,113
17,1691337600.0,0.38069353,113
18,1691341200.0,0.45041013,113
19,1691344800.0,0.4792311,113
20,1691348400.0,0.41507882,113
21,1691352000.0,0.39354458,113
22,1691355600.0,0.30944872,113
23,1691359200.0,0.2939158,113
0,1691276400.0,0.18770865,114
1,1691280000.0,0.16186827,114
2,1691283600.0,0.11310794,114
3,1691287200.0,0.06612545,114
4,1691290800.0,0.044279095,114
5,1691294400.0,0.027003514,114
6,1691298000.0,-0.014717955,114
7,1691301600.0,-0.002085164,114
8,1691305200.0,0.08166136,114
9,1691308800.0,0.122877456,114
10,1691312400.0,0.17294121,114
11,1691316000.0,0.199212,114
12,1691319600.0,0.21575071,114
13,1691323200.0,0.21633337,114
14,1691326800.0,0.22704993,114
15,1691330400.0,0.22987339,114
16,1691334000.0,0.23706132,114
17,1691337600.0,0.27504194,114
18,1691341200.0,0.2796139,114
19,1691344800.0,0.31444424,114
20,1691348400.0,0.26177993,114
21,1691352000.0,0.26267472,114
22,1691355600.0,0.20871554,114
23,1691359200.0,0.16726322,114
0,1691276400.0,0.4263405,116
1,1691280000.0,0.39590123,116
2,1691283600.0,0.34714082,116
3,1691287200.0,0.17340794,116
4,1691290800.0,0.055701986,116
5,1691294400.0,-0.009940729,116
6,1691298000.0,-0.037044052,116
7,1691301600.0,-0.0589058,116
8,1691305200.0,0.024840692,116
9,1691308800.0,0.053702373,116
10,1691312400.0,0.10376615,116
11,1691316000.0,0.13003695,116
12,1691319600.0,0.1505352,116
13,1691323200.0,0.16581936,116
14,1691326800.0,0.17653592,116
15,1691330400.0,0.17877105,116
16,1691334000.0,0.1890569,116
17,1691337600.0,0.20615935,116
18,1691341200.0,0.23979452,116
19,1691344800.0,0.26721832,116
20,1691348400.0,0.25823194,116
21,1691352000.0,0.2659114,116
22,1691355600.0,0.22999077,116
23,1691359200.0,0.19721818,116
0,1691276400.0,0.07278124,120
1,1691280000.0,0.064693555,120
2,1691283600.0,0.064545006,120
3,1691287200.0,0.017562518,120
4,1691290800.0,-0.004283835,120
5,1691294400.0,-0.021559436,120
6,1691298000.0,-0.061032597,120
7,1691301600.0,-0.07728918,120
8,1691305200.0,-0.06495162,120
9,1691308800.0,-0.057017405,120
10,1691312400.0,-0.023418147,120
11,1691316000.0,-0.012551565,120
12,1691319600.0,-0.006641112,120
13,1691323200.0,-0.0060584503,120
14,1691326800.0,0.0046581305,120
15,1691330400.0,0.007481585,120
16,1691334000.0,0.014669491,120
17,1691337600.0,0.023808954,120
18,1691341200.0,0.020401934,120
19,1691344800.0,0.03719376,120
20,1691348400.0,0.018189823,120
21,1691352000.0,0.027249783,120
22,1691355600.0,0.009360428,120
23,1691359200.0,-0.0022104068,120
0,1691276400.0,0.038077872,125
1,1691280000.0,0.024531163,125
2,1691283600.0,0.037635848,125
3,1691287200.0,0.0019932655,125
4,1691290800.0,-0.006875768,125
5,1691294400.0,-0.024151359,125
6,1691298000.0,-0.054914277,125
7,1691301600.0,-0.03406417,125
8,1691305200.0,-0.08966898,125
9,1691308800.0,-0.06080734,125
10,1691312400.0,-0.021946138,125
11,1691316000.0,-0.01094074,125
12,1691319600.0,-0.006111947,125
13,1691323200.0,-0.011891883,125
14,1691326800.0,-0.0033973332,125
15,1691330400.0,-0.00057388004,125
16,1691334000.0,0.006614028,125
17,1691337600.0,0.011895996,125
18,1691341200.0,0.0040271864,125
19,1691344800.0,0.020818982,125
20,1691348400.0,-0.0128781,125
21,1691352000.0,-0.0061025326,125
22,1691355600.0,-0.042023152,125
23,1691359200.0,-0.028293269,125
0,1691276400.0,0.04871801,127
1,1691280000.0,0.046876356,127
2,1691283600.0,0.022764899,127
3,1691287200.0,-0.00019057293,127
4,1691290800.0,-0.0040730927,127
5,1691294400.0,-0.014682224,127
6,1691298000.0,-0.050959725,127
7,1691301600.0,-0.06983338,127
8,1691305200.0,-0.048370045,127
9,1691308800.0,-0.054501984,127
10,1691312400.0,-0.014302742,127
11,1691316000.0,-0.0076216417,127
12,1691319600.0,0.0002907198,127
13,1691323200.0,0.00087338185,127
14,1691326800.0,0.004698628,127
15,1691330400.0,0.0075220815,127
16,1691334000.0,0.014709981,127
17,1691337600.0,0.022572393,127
18,1691341200.0,0.014703589,127
19,1691344800.0,0.031495407,127
20,1691348400.0,0.010322342,127
21,1691352000.0,0.016892267,127
22,1691355600.0,-0.01902833,127
23,1691359200.0,-0.03855433,127
0,1691276400.0,0.04067255,128
1,1691280000.0,0.020173205,128
2,1691283600.0,0.011963567,128
3,1691287200.0,0.0039155027,128
4,1691290800.0,-0.005877069,128
5,1691294400.0,-0.016415626,128
6,1691298000.0,-0.058137108,128
7,1691301600.0,-0.047100738,128
8,1691305200.0,-0.05164714,128
9,1691308800.0,-0.044604503,128
10,1691312400.0,-0.02265694,128
11,1691316000.0,-0.017981237,128
12,1691319600.0,-0.012043746,128
13,1691323200.0,-0.011461085,128
14,1691326800.0,-0.007106462,128
15,1691330400.0,-0.0062488965,128
16,1691334000.0,0.0009390154,128
17,1691337600.0,0.017694065,128
18,1691341200.0,0.009825252,128
19,1691344800.0,0.026617054,128
20,1691348400.0,-0.00581968,128
21,1691352000.0,-7.552447e-05,128
22,1691355600.0,-0.022632372,128
23,1691359200.0,-0.04146033,128
0,1691276400.0,0.10466584,137
1,1691280000.0,0.07882549,137
2,1691283600.0,0.06885121,137
3,1691287200.0,0.032879155,137
4,1691290800.0,0.01516483,137
5,1691294400.0,-0.0021107497,137
6,1691298000.0,-0.043832224,137
7,1691301600.0,-0.034063425,137
8,1691305200.0,0.042140067,137
9,1691308800.0,0.06545364,137
10,1691312400.0,0.11171389,137
11,1691316000.0,0.13798466,137
12,1691319600.0,0.15452343,137
13,1691323200.0,0.1551061,137
14,1691326800.0,0.16534264,137
15,1691330400.0,0.1681661,137
16,1691334000.0,0.17535403,137
17,1691337600.0,0.18776347,137
18,1691341200.0,0.17989466,137
19,1691344800.0,0.19170508,137
20,1691348400.0,0.14472362,137
21,1691352000.0,0.118263684,137
22,1691355600.0,0.077306695,137
23,1691359200.0,0.031036448,137
0,1691276400.0,0.16447197,140
1,1691280000.0,0.12591211,140
2,1691283600.0,0.07715182,140
3,1691287200.0,0.035746142,140
4,1691290800.0,0.013899792,140
5,1691294400.0,0.0006889702,140
6,1691298000.0,-0.036063775,140
7,1691301600.0,0.032443076,140
8,1691305200.0,0.105217375,140
9,1691308800.0,0.13407901,140
10,1691312400.0,0.1845222,140
11,1691316000.0,0.22717239,140
12,1691319600.0,0.24371107,140
13,1691323200.0,0.24429373,140
14,1691326800.0,0.25501037,140
15,1691330400.0,0.2578338,140
16,1691334000.0,0.26502168,140
17,1691337600.0,0.2543517,140
18,1691341200.0,0.23010342,140
19,1691344800.0,0.24996881,140
20,1691348400.0,0.21442193,140
21,1691352000.0,0.193249,140
22,1691355600.0,0.15732843,140
23,1691359200.0,0.114680395,140
0,1691276400.0,0.2440863,141
1,1691280000.0,0.19941688,141
2,1691283600.0,0.15065649,141
3,1691287200.0,0.07070143,141
4,1691290800.0,0.048855077,141
5,1691294400.0,0.031579494,141
6,1691298000.0,0.003509531,141
7,1691301600.0,0.016142322,141
8,1691305200.0,0.09988883,141
9,1691308800.0,0.10508084,141
10,1691312400.0,0.15514457,141
11,1691316000.0,0.18871962,141
12,1691319600.0,0.20525832,141
13,1691323200.0,0.20584099,141
14,1691326800.0,0.21655755,141
15,1691330400.0,0.219381,141
16,1691334000.0,0.22656894,141
17,1691337600.0,0.23897837,141
18,1691341200.0,0.23568317,141
19,1691344800.0,0.252475,141
20,1691348400.0,0.21225134,141
21,1691352000.0,0.21314614,141
22,1691355600.0,0.17722553,141
23,1691359200.0,0.13577321,141
0,1691276400.0,0.34712473,142
1,1691280000.0,0.2618756,142
2,1691283600.0,0.17389715,142
3,1691287200.0,0.10792196,142
4,1691290800.0,0.07544242,142
5,1691294400.0,0.035627075,142
6,1691298000.0,0.027263626,142
7,1691301600.0,0.0492671,142
8,1691305200.0,0.14011468,142
9,1691308800.0,0.2656199,142
10,1691312400.0,0.31342235,142
11,1691316000.0,0.3508881,142
12,1691319600.0,0.42631376,142
13,1691323200.0,0.42689642,142
14,1691326800.0,0.43761295,142
15,1691330400.0,0.4404364,142
16,1691334000.0,0.44762427,142
17,1691337600.0,0.5573509,142
18,1691341200.0,0.5494821,142
19,1691344800.0,0.56627387,142
20,1691348400.0,0.5395554,142
21,1691352000.0,0.54045004,142
22,1691355600.0,0.4687744,142
23,1691359200.0,0.3643169,142
0,1691276400.0,0.25753197,143
1,1691280000.0,0.18276244,143
2,1691283600.0,0.113041155,143
3,1691287200.0,0.06605866,143
4,1691290800.0,0.044212308,143
5,1691294400.0,0.03323844,143
6,1691298000.0,0.028039569,143
7,1691301600.0,0.054578815,143
8,1691305200.0,0.21897952,143
9,1691308800.0,0.27621275,143
10,1691312400.0,0.3899803,143
11,1691316000.0,0.4535856,143
12,1691319600.0,0.52033883,143
13,1691323200.0,0.5209215,143
14,1691326800.0,0.57430726,143
15,1691330400.0,0.5751881,143
16,1691334000.0,0.59456664,143
17,1691337600.0,0.60786724,143
18,1691341200.0,0.6270666,143
19,1691344800.0,0.6167905,143
20,1691348400.0,0.49389192,143
21,1691352000.0,0.49478668,143
22,1691355600.0,0.39991608,143
23,1691359200.0,0.24941616,143
0,1691276400.0,0.07828232,144
1,1691280000.0,0.059345722,144
2,1691283600.0,0.061154645,144
3,1691287200.0,0.014172174,144
4,1691290800.0,-0.0076741474,144
5,1691294400.0,-0.024949746,144
6,1691298000.0,-0.06555428,144
7,1691301600.0,-0.08311203,144
8,1691305200.0,-0.058400977,144
9,1691308800.0,-0.045111947,144
10,1691312400.0,-0.026913427,144
11,1691316000.0,-0.019471746,144
12,1691319600.0,-0.011051945,144
13,1691323200.0,-0.010469284,144
14,1691326800.0,-0.0064115818,144
15,1691330400.0,-0.0035881256,144
16,1691334000.0,0.0035997843,144
17,1691337600.0,0.015977725,144
18,1691341200.0,0.008108916,144
19,1691344800.0,0.024900742,144
20,1691348400.0,-0.005993208,144
21,1691352000.0,-0.0029107349,144
22,1691355600.0,-0.032173842,144
23,1691359200.0,-0.048075285,144
0,1691276400.0,0.16427228,148
1,1691280000.0,0.13001901,148
2,1691283600.0,0.08125867,148
3,1691287200.0,0.06000595,148
4,1691290800.0,0.038159598,148
5,1691294400.0,0.020884017,148
6,1691298000.0,-0.0040075076,148
7,1691301600.0,0.00862528,148
8,1691305200.0,0.09237179,148
9,1691308800.0,0.12123344,148
10,1691312400.0,0.1712972,148
11,1691316000.0,0.19756798,148
12,1691319600.0,0.2141067,148
13,1691323200.0,0.21468936,148
14,1691326800.0,0.22540592,148
15,1691330400.0,0.22822937,148
16,1691334000.0,0.23148742,148
17,1691337600.0,0.24782677,148
18,1691341200.0,0.23995793,148
19,1691344800.0,0.25674975,148
20,1691348400.0,0.21652609,148
21,1691352000.0,0.20612454,148
22,1691355600.0,0.17020394,148
23,1691359200.0,0.11824236,148
0,1691276400.0,0.23215714,151
1,1691280000.0,0.20631677,151
2,1691283600.0,0.15755644,151
3,1691287200.0,0.11115577,151
4,1691290800.0,0.032595087,151
5,1691294400.0,-0.012573637,151
6,1691298000.0,-0.05484108,151
7,1691301600.0,-0.06921135,151
8,1691305200.0,0.005901459,151
9,1691308800.0,0.0347631,151
10,1691312400.0,0.08482691,151
11,1691316000.0,0.13610059,151
12,1691319600.0,0.17629099,151
13,1691323200.0,0.17657995,151
14,1691326800.0,0.18729651,151
15,1691330400.0,0.19011997,151
16,1691334000.0,0.1973079,151
17,1691337600.0,0.20971733,151
18,1691341200.0,0.20325826,151
19,1691344800.0,0.2200501,151
20,1691348400.0,0.17982642,151
21,1691352000.0,0.16182,151
22,1691355600.0,0.12589942,151
23,1691359200.0,0.084447145,151
0,1691276400.0,0.72556543,152
1,1691280000.0,0.7475696,152
2,1691283600.0,0.6059161,152
3,1691287200.0,0.31433806,152
4,1691290800.0,0.20592782,152
5,1691294400.0,-0.027688263,152
6,1691298000.0,-0.060456827,152
7,1691301600.0,-0.07602803,152
8,1691305200.0,0.023454875,152
9,1691308800.0,0.03829491,152
10,1691312400.0,0.06885791,152
11,1691316000.0,0.11343657,152
12,1691319600.0,0.1410386,152
13,1691323200.0,0.14162126,152
14,1691326800.0,0.15233783,152
15,1691330400.0,0.15516128,152
16,1691334000.0,0.1623492,152
17,1691337600.0,0.17475863,152
18,1691341200.0,0.1983823,152
19,1691344800.0,0.24685162,152
20,1691348400.0,0.21594082,152
21,1691352000.0,0.22776273,152
22,1691355600.0,0.20668603,152
23,1691359200.0,0.22371489,152
0,1691276400.0,0.26554802,158
1,1691280000.0,0.23341227,158
2,1691283600.0,0.18465188,158
3,1691287200.0,0.12637103,158
4,1691290800.0,0.014533011,158
5,1691294400.0,-0.010962848,158
6,1691298000.0,-0.06426556,158
7,1691301600.0,-0.05163278,158
8,1691305200.0,0.020356504,158
9,1691308800.0,0.04921816,158
10,1691312400.0,0.09429638,158
11,1691316000.0,0.11638518,158
12,1691319600.0,0.14600262,158
13,1691323200.0,0.14658529,158
14,1691326800.0,0.15730186,158
15,1691330400.0,0.16012532,158
16,1691334000.0,0.16731322,158
17,1691337600.0,0.17972267,158
18,1691341200.0,0.19331753,158
19,1691344800.0,0.21010935,158
20,1691348400.0,0.16988572,158
21,1691352000.0,0.16340894,158
22,1691355600.0,0.12748834,158
23,1691359200.0,0.086036004,158
0,1691276400.0,0.21176668,161
1,1691280000.0,0.108806595,161
2,1691283600.0,0.051337488,161
3,1691287200.0,0.006129345,161
4,1691290800.0,-0.015717007,161
5,1691294400.0,-0.03470005,161
6,1691298000.0,-0.018508049,161
7,1691301600.0,-0.030570159,161
8,1691305200.0,0.14860284,161
9,1691308800.0,0.19808803,161
10,1691312400.0,0.43535924,161
11,1691316000.0,0.5809593,161
12,1691319600.0,0.6187124,161
13,1691323200.0,0.6192951,161
14,1691326800.0,0.6105076,161
15,1691330400.0,0.61333114,161
16,1691334000.0,0.64002293,161
17,1691337600.0,0.5660405,161
18,1691341200.0,0.5386678,161
19,1691344800.0,0.5554597,161
20,1691348400.0,0.40190774,161
21,1691352000.0,0.40280253,161
22,1691355600.0,0.30302843,161
23,1691359200.0,0.22979847,161
0,1691276400.0,0.26655322,162
1,1691280000.0,0.17412636,162
2,1691283600.0,0.095011234,162
3,1691287200.0,0.045711424,162
4,1691290800.0,0.023865059,162
5,1691294400.0,0.017831698,162
6,1691298000.0,0.030439362,162
7,1691301600.0,0.036545504,162
8,1691305200.0,0.14243749,162
9,1691308800.0,0.2502854,162
10,1691312400.0,0.37203312,162
11,1691316000.0,0.3971136,162
12,1691319600.0,0.4351768,162
13,1691323200.0,0.43575945,162
14,1691326800.0,0.44647598,162
15,1691330400.0,0.44929942,162
16,1691334000.0,0.4564873,162
17,1691337600.0,0.46889678,162
18,1691341200.0,0.461028,162
19,1691344800.0,0.4717826,162
20,1691348400.0,0.4108919,162
21,1691352000.0,0.3777911,162
22,1691355600.0,0.3032444,162
23,1691359200.0,0.22494392,162
0,1691276400.0,0.13143447,163
1,1691280000.0,0.05311482,163
2,1691283600.0,0.004354501,163
3,1691287200.0,-0.061926056,163
4,1691290800.0,-0.08377239,163
5,1691294400.0,-0.10104798,163
6,1691298000.0,-0.1470333,163
7,1691301600.0,-0.08456793,163
8,1691305200.0,0.074013256,163
9,1691308800.0,0.14870358,163
10,1691312400.0,0.21168388,163
11,1691316000.0,0.3301161,163
12,1691319600.0,0.36891165,163
13,1691323200.0,0.36949432,163
14,1691326800.0,0.3802109,163
15,1691330400.0,0.38303435,163
16,1691334000.0,0.39022222,163
17,1691337600.0,0.42043984,163
18,1691341200.0,0.41257107,163
19,1691344800.0,0.4293629,163
20,1691348400.0,0.2891299,163
21,1691352000.0,0.2900247,163
22,1691355600.0,0.27896255,163
23,1691359200.0,0.20566785,163
0,1691276400.0,0.37687013,164
1,1691280000.0,0.30960876,164
2,1691283600.0,0.202069,164
3,1691287200.0,0.08765603,164
4,1691290800.0,0.06580969,164
5,1691294400.0,0.028643977,164
6,1691298000.0,-0.009459511,164
7,1691301600.0,0.013541508,164
8,1691305200.0,0.06358469,164
9,1691308800.0,0.1435438,164
10,1691312400.0,0.25464088,164
11,1691316000.0,0.33081403,164
12,1691319600.0,0.374265,164
13,1691323200.0,0.38646457,164
14,1691326800.0,0.40014938,164
15,1691330400.0,0.41407877,164
16,1691334000.0,0.41360933,164
17,1691337600.0,0.43615583,164
18,1691341200.0,0.4359444,164
19,1691344800.0,0.45273626,164
20,1691348400.0,0.41251263,164
21,1691352000.0,0.3995926,164
22,1691355600.0,0.37013552,164
23,1691359200.0,0.33982626,164
0,1691276400.0,0.40581125,166
1,1691280000.0,0.30803555,166
2,1691283600.0,0.1872158,166
3,1691287200.0,0.09631155,166
4,1691290800.0,0.022625025,166
5,1691294400.0,0.0053494237,166
6,1691298000.0,-0.016864125,166
7,1691301600.0,-0.037857212,166
8,1691305200.0,0.12439032,166
9,1691308800.0,0.19979194,166
10,1691312400.0,0.35618842,166
11,1691316000.0,0.4214882,166
12,1691319600.0,0.44316468,166
13,1691323200.0,0.44374734,166
14,1691326800.0,0.45446396,166
15,1691330400.0,0.4572874,166
16,1691334000.0,0.4644753,166
17,1691337600.0,0.48888993,166
18,1691341200.0,0.48102123,166
19,1691344800.0,0.48239717,166
20,1691348400.0,0.43300256,166
21,1691352000.0,0.41323385,166
22,1691355600.0,0.38813415,166
23,1691359200.0,0.3043891,166
0,1691276400.0,0.07876163,170
1,1691280000.0,0.053582463,170
2,1691283600.0,0.056180205,170
3,1691287200.0,0.021962723,170
4,1691290800.0,0.005601934,170
5,1691294400.0,-0.011673633,170
6,1691298000.0,-0.056502756,170
7,1691301600.0,-0.04826805,170
8,1691305200.0,-0.004522054,170
9,1691308800.0,0.019993844,170
10,1691312400.0,0.049167436,170
11,1691316000.0,0.06413647,170
12,1691319600.0,0.080675185,170
13,1691323200.0,0.08125784,170
14,1691326800.0,0.0885361,170
15,1691330400.0,0.091359556,170
16,1691334000.0,0.09724541,170
17,1691337600.0,0.1115278,170
18,1691341200.0,0.08234428,170
19,1691344800.0,0.0950945,170
20,1691348400.0,0.055573013,170
21,1691352000.0,0.05646781,170
22,1691355600.0,0.020547215,170
23,1691359200.0,-0.0091188075,170
0,1691276400.0,0.27323914,186
1,1691280000.0,0.17817637,186
2,1691283600.0,0.15350506,186
3,1691287200.0,0.08172801,186
4,1691290800.0,0.06328603,186
5,1691294400.0,0.008915301,186
6,1691298000.0,0.077086,186
7,1691301600.0,0.09634558,186
8,1691305200.0,0.18012242,186
9,1691308800.0,0.34718713,186
10,1691312400.0,0.43100357,186
11,1691316000.0,0.48999187,186
12,1691319600.0,0.5132889,186
13,1691323200.0,0.49404532,186
14,1691326800.0,0.49993998,186
15,1691330400.0,0.50276345,186
16,1691334000.0,0.50995123,186
17,1691337600.0,0.52236074,186
18,1691341200.0,0.5366011,186
19,1691344800.0,0.55339295,186
20,1691348400.0,0.4665643,186
21,1691352000.0,0.38676825,186
22,1691355600.0,0.32228747,186
23,1691359200.0,0.26044437,186
0,1691276400.0,0.046916347,202
1,1691280000.0,0.03656982,202
2,1691283600.0,0.02306967,202
3,1691287200.0,0.01197291,202
4,1691290800.0,0.0017222194,202
5,1691294400.0,-0.007015529,202
6,1691298000.0,-0.042332925,202
7,1691301600.0,-0.06641532,202
8,1691305200.0,-0.034126878,202
9,1691308800.0,-0.01296559,202
10,1691312400.0,0.011847524,202
11,1691316000.0,0.015578624,202
12,1691319600.0,0.011639653,202
13,1691323200.0,0.012222314,202
14,1691326800.0,0.009149427,202
15,1691330400.0,0.01197288,202
16,1691334000.0,0.019160796,202
17,1691337600.0,0.026008684,202
18,1691341200.0,0.01293458,202
19,1691344800.0,0.029726403,202
20,1691348400.0,0.011934311,202
21,1691352000.0,0.012829107,202
22,1691355600.0,-0.017802486,202
23,1691359200.0,-0.014556046,202
0,1691276400.0,0.07432572,209
1,1691280000.0,0.061247252,209
2,1691283600.0,0.051799014,209
3,1691287200.0,0.02333858,209
4,1691290800.0,0.0056945514,209
5,1691294400.0,-0.011581032,209
6,1691298000.0,-0.040728588,209
7,1691301600.0,-0.059471983,209
8,1691305200.0,-0.051998507,209
9,1691308800.0,-0.04680925,209
10,1691312400.0,-0.011951476,209
11,1691316000.0,0.0074021393,209
12,1691319600.0,0.021895424,209
13,1691323200.0,0.022478085,209
14,1691326800.0,0.030726604,209
15,1691330400.0,0.033550054,209
16,1691334000.0,0.041995928,209
17,1691337600.0,0.05136732,209
18,1691341200.0,0.048305638,209
19,1691344800.0,0.06509744,209
20,1691348400.0,0.038381413,209
21,1691352000.0,0.03927621,209
22,1691355600.0,0.014592408,209
23,1691359200.0,-0.012313029,209
0,1691276400.0,0.20044446,211
1,1691280000.0,0.16776732,211
2,1691283600.0,0.119006984,211
3,1691287200.0,0.063290924,211
4,1691290800.0,0.028890993,211
5,1691294400.0,0.007427668,211
6,1691298000.0,-0.054569226,211
7,1691301600.0,-0.063279435,211
8,1691305200.0,-0.0055701258,211
9,1691308800.0,0.023403022,211
10,1691312400.0,0.0903886,211
11,1691316000.0,0.1376915,211
12,1691319600.0,0.17378923,211
13,1691323200.0,0.1743719,211
14,1691326800.0,0.18508846,211
15,1691330400.0,0.18791191,211
16,1691334000.0,0.19509985,211
17,1691337600.0,0.20278054,211
18,1691341200.0,0.17615716,211
19,1691344800.0,0.19294897,211
20,1691348400.0,0.13572958,211
21,1691352000.0,0.13662437,211
22,1691355600.0,0.10070376,211
23,1691359200.0,0.064195834,211
0,1691276400.0,0.08643441,224
1,1691280000.0,0.06532776,224
2,1691283600.0,0.056039535,224
3,1691287200.0,0.02265629,224
4,1691290800.0,0.00080993946,224
5,1691294400.0,-0.016465649,224
6,1691298000.0,-0.056612395,224
7,1691301600.0,-0.051503975,224
8,1691305200.0,-0.050809268,224
9,1691308800.0,-0.04278708,224
10,1691312400.0,-0.0122711025,224
11,1691316000.0,-0.0036883694,224
12,1691319600.0,0.012850331,224
13,1691323200.0,0.013432993,224
14,1691326800.0,0.025467489,224
15,1691330400.0,0.028290942,224
16,1691334000.0,0.035478845,224
17,1691337600.0,0.0478883,224
18,1691341200.0,0.04712541,224
19,1691344800.0,0.06391721,224
20,1691348400.0,0.040327057,224
21,1691352000.0,0.04122185,224
22,1691355600.0,0.0058725793,224
23,1691359200.0,-0.021930391,224
0,1691276400.0,0.3193582,229
1,1691280000.0,0.21891609,229
2,1691283600.0,0.1701558,229
3,1691287200.0,0.11601128,229
4,1691290800.0,0.06104362,229
5,1691294400.0,0.043768015,229
6,1691298000.0,-0.005997521,229
7,1691301600.0,0.06535462,229
8,1691305200.0,0.16388434,229
9,1691308800.0,0.21136,229
10,1691312400.0,0.29969975,229
11,1691316000.0,0.3407019,229
12,1691319600.0,0.3572406,229
13,1691323200.0,0.35782325,229
14,1691326800.0,0.36853978,229
15,1691330400.0,0.37136322,229
16,1691334000.0,0.3785511,229
17,1691337600.0,0.42139864,229
18,1691341200.0,0.43366715,229
19,1691344800.0,0.45108375,229
20,1691348400.0,0.3941708,229
21,1691352000.0,0.39506558,229
22,1691355600.0,0.33116534,229
23,1691359200.0,0.23672055,229
0,1691276400.0,0.2128622,230
1,1691280000.0,0.10292106,230
2,1691283600.0,0.0154451225,230
3,1691287200.0,-0.047657665,230
4,1691290800.0,-0.069504015,230
5,1691294400.0,-0.11792145,230
6,1691298000.0,-0.12564898,230
7,1691301600.0,-0.1114158,230
8,1691305200.0,0.040079188,230
9,1691308800.0,0.0881131,230
10,1691312400.0,0.23039746,230
11,1691316000.0,0.31420985,230
12,1691319600.0,0.3886421,230
13,1691323200.0,0.44244993,230
14,1691326800.0,0.42347604,230
15,1691330400.0,0.42629948,230
16,1691334000.0,0.43348736,230
17,1691337600.0,0.4714394,230
18,1691341200.0,0.4984159,230
19,1691344800.0,0.4207113,230
20,1691348400.0,0.13164085,230
21,1691352000.0,0.13164085,230
22,1691355600.0,0.095720224,230
23,1691359200.0,-0.013872771,230
0,1691276400.0,0.23673937,231
1,1691280000.0,0.210899,231
2,1691283600.0,0.1621387,231
3,1691287200.0,0.10150387,231
4,1691290800.0,0.04033802,231
5,1691294400.0,0.02265619,231
6,1691298000.0,-0.019065268,231
7,1691301600.0,-0.013778736,231
8,1691305200.0,0.06996781,231
9,1691308800.0,0.09923571,231
10,1691312400.0,0.16184282,231
11,1691316000.0,0.18811359,231
12,1691319600.0,0.20465226,231
13,1691323200.0,0.20523493,231
14,1691326800.0,0.21960868,231
15,1691330400.0,0.22243214,231
16,1691334000.0,0.21687727,231
17,1691337600.0,0.22810566,231
18,1691341200.0,0.2397866,231
19,1691344800.0,0.2617729,231
20,1691348400.0,0.22114293,231
21,1691352000.0,0.21212924,231
22,1691355600.0,0.17620866,231
23,1691359200.0,0.13475637,231
0,1691276400.0,0.22645734,232
1,1691280000.0,0.19006838,232
2,1691283600.0,0.14130814,232
3,1691287200.0,0.08385352,232
4,1691290800.0,0.062007163,232
5,1691294400.0,0.047328383,232
6,1691298000.0,0.027606454,232
7,1691301600.0,0.04990101,232
8,1691305200.0,0.18598624,232
9,1691308800.0,0.2552088,232
10,1691312400.0,0.34329715,232
11,1691316000.0,0.48066995,232
12,1691319600.0,0.49720863,232
13,1691323200.0,0.49779132,232
14,1691326800.0,0.5619713,232
15,1691330400.0,0.5647947,232
16,1691334000.0,0.57198256,232
17,1691337600.0,0.58383155,232
18,1691341200.0,0.5759629,232
19,1691344800.0,0.55014265,232
20,1691348400.0,0.4901439,232
21,1691352000.0,0.49103868,232
22,1691355600.0,0.39025578,232
23,1691359200.0,0.297155,232
0,1691276400.0,0.12809151,233
1,1691280000.0,0.11109357,233
2,1691283600.0,0.08196881,233
3,1691287200.0,0.03498632,233
4,1691290800.0,0.013139978,233
5,1691294400.0,-0.008695964,233
6,1691298000.0,-0.04663952,233
7,1691301600.0,-0.072458,233
8,1691305200.0,-0.049443174,233
9,1691308800.0,-0.042118102,233
10,1691312400.0,-0.010677725,233
11,1691316000.0,0.0126449615,233
12,1691319600.0,0.029183663,233
13,1691323200.0,0.029766325,233
14,1691326800.0,0.04048292,233
15,1691330400.0,0.043306377,233
16,1691334000.0,0.050494287,233
17,1691337600.0,0.06290371,233
18,1691341200.0,0.055777792,233
19,1691344800.0,0.0725696,233
20,1691348400.0,0.032345954,233
21,1691352000.0,0.03324075,233
22,1691355600.0,-0.0037021062,233
23,1691359200.0,-0.024474625,233
0,1691276400.0,0.20880762,234
1,1691280000.0,0.17764357,234
2,1691283600.0,0.1288833,234
3,1691287200.0,0.083118655,234
4,1691290800.0,0.042470735,234
5,1691294400.0,0.019630924,234
6,1691298000.0,-0.01054289,234
7,1691301600.0,-0.0038126379,234
8,1691305200.0,0.07993386,234
9,1691308800.0,0.10879553,234
10,1691312400.0,0.17100246,234
11,1691316000.0,0.18968031,234
12,1691319600.0,0.21301427,234
13,1691323200.0,0.21359694,234
14,1691326800.0,0.2243135,234
15,1691330400.0,0.22713695,234
16,1691334000.0,0.23432489,234
17,1691337600.0,0.25219497,234
18,1691341200.0,0.24432611,234
19,1691344800.0,0.2611179,234
20,1691348400.0,0.22089428,234
21,1691352000.0,0.22178908,234
22,1691355600.0,0.18199559,234
23,1691359200.0,0.13390885,234
0,1691276400.0,0.39337134,236
1,1691280000.0,0.30938613,236
2,1691283600.0,0.21744233,236
3,1691287200.0,0.10380711,236
4,1691290800.0,0.061176796,236
5,1691294400.0,0.043901216,236
6,1691298000.0,0.019256676,236
7,1691301600.0,0.0030051612,236
8,1691305200.0,0.10892944,236
9,1691308800.0,0.18217514,236
10,1691312400.0,0.28609383,236
11,1691316000.0,0.39150327,236
12,1691319600.0,0.45650226,236
13,1691323200.0,0.45708492,236
14,1691326800.0,0.46780145,236
15,1691330400.0,0.4706249,236
16,1691334000.0,0.47781277,236
17,1691337600.0,0.49022225,236
18,1691341200.0,0.5069072,236
19,1691344800.0,0.5236991,236
20,1691348400.0,0.48347542,236
21,1691352000.0,0.4165339,236
22,1691355600.0,0.31221342,236
23,1691359200.0,0.24199913,236
0,1691276400.0,0.10390558,237
1,1691280000.0,0.06015746,237
2,1691283600.0,0.011397148,237
3,1691287200.0,-0.035585374,237
4,1691290800.0,-0.057431724,237
5,1691294400.0,-0.07470731,237
6,1691298000.0,-0.12996764,237
7,1691301600.0,-0.16853818,237
8,1691305200.0,-0.074569345,237
9,1691308800.0,0.057012428,237
10,1691312400.0,0.3033004,237
11,1691316000.0,0.39267477,237
12,1691319600.0,0.4555929,237
13,1691323200.0,0.45617557,237
14,1691326800.0,0.46996504,237
15,1691330400.0,0.46801454,237
16,1691334000.0,0.47690347,237
17,1691337600.0,0.4526746,237
18,1691341200.0,0.47833595,237
19,1691344800.0,0.4540271,237
20,1691348400.0,0.27600315,237
21,1691352000.0,0.2916437,237
22,1691355600.0,0.25698814,237
23,1691359200.0,0.090610266,237
0,1691276400.0,0.27227092,238
1,1691280000.0,0.19498754,238
2,1691283600.0,0.14386275,238
3,1691287200.0,0.07241483,238
4,1691290800.0,0.05056846,238
5,1691294400.0,0.05077481,238
6,1691298000.0,0.029304683,238
7,1691301600.0,0.05981006,238
8,1691305200.0,0.12350233,238
9,1691308800.0,0.2775261,238
10,1691312400.0,0.41012633,238
11,1691316000.0,0.471453,238
12,1691319600.0,0.51615065,238
13,1691323200.0,0.5653307,238
14,1691326800.0,0.5791201,238
15,1691330400.0,0.6018835,238
16,1691334000.0,0.5630754,238
17,1691337600.0,0.4836653,238
18,1691341200.0,0.47039065,238
19,1691344800.0,0.46607375,238
20,1691348400.0,0.35932493,238
21,1691352000.0,0.3003637,238
22,1691355600.0,0.2342799,238
23,1691359200.0,0.07916341,238
0,1691276400.0,0.22114345,239
1,1691280000.0,0.16074312,239
2,1691283600.0,0.11198279,239
3,1691287200.0,0.067521565,239
4,1691290800.0,0.04567522,239
5,1691294400.0,0.033340227,239
6,1691298000.0,0.008473173,239
7,1691301600.0,0.07355989,239
8,1691305200.0,0.17683253,239
9,1691308800.0,0.23031358,239
10,1691312400.0,0.28901252,239
11,1691316000.0,0.32633942,239
12,1691319600.0,0.35444483,239
13,1691323200.0,0.3550275,239
14,1691326800.0,0.3640693,239
15,1691330400.0,0.37799752,239
16,1691334000.0,0.3851854,239
17,1691337600.0,0.3975949,239
18,1691341200.0,0.38972613,239
19,1691344800.0,0.4273017,239
20,1691348400.0,0.35449147,239
21,1691352000.0,0.33887312,239
22,1691355600.0,0.25761586,239
23,1691359200.0,0.18893711,239
0,1691276400.0,0.35615304,243
1,1691280000.0,0.27245668,243
2,1691283600.0,0.21256527,243
3,1691287200.0,0.12493941,243
4,1691290800.0,0.08242433,243
5,1691294400.0,0.065148726,243
6,1691298000.0,0.01055085,243
7,1691301600.0,0.069000475,243
8,1691305200.0,0.17065835,243
9,1691308800.0,0.22684555,243
10,1691312400.0,0.3035896,243
11,1691316000.0,0.32793483,243
12,1691319600.0,0.3444735,243
13,1691323200.0,0.34505618,243
14,1691326800.0,0.38057718,243
15,1691330400.0,0.38692367,243
16,1691334000.0,0.39411154,243
17,1691337600.0,0.401192,243
18,1691341200.0,0.40581143,243
19,1691344800.0,0.4066103,243
20,1691348400.0,0.35118586,243
21,1691352000.0,0.36359507,243
22,1691355600.0,0.31130084,243
23,1691359200.0,0.23904565,243
0,1691276400.0,0.044334188,244
1,1691280000.0,0.025867859,244
2,1691283600.0,0.027383698,244
3,1691287200.0,0.004886795,244
4,1691290800.0,-0.010985345,244
5,1691294400.0,-0.020048082,244
6,1691298000.0,-0.06686525,244
7,1691301600.0,-0.07951561,244
8,1691305200.0,-0.07596291,244
9,1691308800.0,-0.05684058,244
10,1691312400.0,-0.02977578,244
11,1691316000.0,-0.023802798,244
12,1691319600.0,-0.017857946,244
13,1691323200.0,-0.017275285,244
14,1691326800.0,-0.008758139,244
15,1691330400.0,-0.005934685,244
16,1691334000.0,0.0012532297,244
17,1691337600.0,0.009667991,244
18,1691341200.0,0.0017991913,244
19,1691344800.0,0.021261577,244
20,1691348400.0,0.005955384,244
21,1691352000.0,0.009028662,244
22,1691355600.0,-0.025736142,244
23,1691359200.0,-0.043526962,244
0,1691276400.0,0.09458024,246
1,1691280000.0,0.07325862,246
2,1691283600.0,0.056607604,246
3,1691287200.0,0.018418027,246
4,1691290800.0,0.0074643358,246
5,1691294400.0,-0.009811237,246
6,1691298000.0,-0.054966766,246
7,1691301600.0,-0.056548018,246
8,1691305200.0,-0.0488055,246
9,1691308800.0,-0.039484046,246
10,1691312400.0,-0.006290316,246
11,1691316000.0,0.003962775,246
12,1691319600.0,0.010811828,246
13,1691323200.0,0.01139449,246
14,1691326800.0,0.008321604,246
15,1691330400.0,0.011145059,246
16,1691334000.0,0.018332968,246
17,1691337600.0,0.030742425,246
18,1691341200.0,0.022873616,246
19,1691344800.0,0.039665427,246
20,1691348400.0,0.0029187815,246
21,1691352000.0,0.008497354,246
22,1691355600.0,-0.020234901,246
23,1691359200.0,-0.033491466,246
0,1691276400.0,0.24746495,249
1,1691280000.0,0.22162461,249
2,1691283600.0,0.19569221,249
3,1691287200.0,0.14870965,249
4,1691290800.0,0.06458995,249
5,1691294400.0,0.0269907,249
6,1691298000.0,-0.014730765,249
7,1691301600.0,0.005050147,249
8,1691305200.0,0.14248964,249
9,1691308800.0,0.19201939,249
10,1691312400.0,0.24208315,249
11,1691316000.0,0.28039503,249
12,1691319600.0,0.30593473,249
13,1691323200.0,0.3065174,249
14,1691326800.0,0.33335724,249
15,1691330400.0,0.3361807,249
16,1691334000.0,0.34336856,249
17,1691337600.0,0.35577807,249
18,1691341200.0,0.37185997,249
19,1691344800.0,0.38509354,249
20,1691348400.0,0.2932697,249
21,1691352000.0,0.24955086,249
22,1691355600.0,0.20188814,249
23,1691359200.0,0.16392928,249
0,1691276400.0,0.6136859,261
1,1691280000.0,0.5911788,261
2,1691283600.0,0.43424964,261
3,1691287200.0,0.2319065,261
4,1691290800.0,0.10161481,261
5,1691294400.0,0.036512233,261
6,1691298000.0,-0.0052092215,261
7,1691301600.0,0.0025660007,261
8,1691305200.0,0.07282545,261
9,1691308800.0,0.11706835,261
10,1691312400.0,0.1888351,261
11,1691316000.0,0.24903317,261
12,1691319600.0,0.27753955,261
13,1691323200.0,0.27812222,261
14,1691326800.0,0.28883877,261
15,1691330400.0,0.29166225,261
16,1691334000.0,0.29885015,261
17,1691337600.0,0.34011263,261
18,1691341200.0,0.43111068,261
19,1691344800.0,0.4467657,261
20,1691348400.0,0.44541603,261
21,1691352000.0,0.42979324,261
22,1691355600.0,0.37180257,261
23,1691359200.0,0.35175565,261
0,1691276400.0,0.08850534,262
1,1691280000.0,0.06788491,262
2,1691283600.0,0.05601465,262
3,1691287200.0,0.0122755505,262
4,1691290800.0,-0.009570796,262
5,1691294400.0,-0.026846396,262
6,1691298000.0,-0.06770011,262
7,1691301600.0,-0.10520505,262
8,1691305200.0,-0.021458555,262
9,1691308800.0,0.0074031097,262
10,1691312400.0,0.05656205,262
11,1691316000.0,0.08283291,262
12,1691319600.0,0.09937161,262
13,1691323200.0,0.09995427,262
14,1691326800.0,0.09688138,262
15,1691330400.0,0.09970484,262
16,1691334000.0,0.08629494,262
17,1691337600.0,0.096655704,262
18,1691341200.0,0.08878689,262
19,1691344800.0,0.10557871,262
20,1691348400.0,0.059158295,262
21,1691352000.0,0.060053095,262
22,1691355600.0,0.024132503,262
23,1691359200.0,-0.0014008733,262
0,1691276400.0,0.1772379,263
1,1691280000.0,0.15139753,263
2,1691283600.0,0.102637194,263
3,1691287200.0,0.071928896,263
4,1691290800.0,0.05008254,263
5,1691294400.0,0.040073976,263
6,1691298000.0,0.013438835,263
7,1691301600.0,0.026071617,263
8,1691305200.0,0.10981812,263
9,1691308800.0,0.13867977,263
10,1691312400.0,0.18346393,263
11,1691316000.0,0.20650147,263
12,1691319600.0,0.22304018,263
13,1691323200.0,0.22362284,263
14,1691326800.0,0.2343394,263
15,1691330400.0,0.23716286,263
16,1691334000.0,0.2443508,263
17,1691337600.0,0.25676027,263
18,1691341200.0,0.24889146,263
19,1691344800.0,0.2655318,263
20,1691348400.0,0.22530815,263
21,1691352000.0,0.2113053,263
22,1691355600.0,0.17538472,263
23,1691359200.0,0.11624481,263
