Hour,start_timestamp,Busyness Predicted,Taxi Zone ID
0,1691276400.0,0.11415541,100
1,1691280000.0,0.1471498,100
2,1691283600.0,0.117472775,100
3,1691287200.0,0.11331678,100
4,1691290800.0,0.09717302,100
5,1691294400.0,0.028906453,100
6,1691298000.0,0.039744355,100
7,1691301600.0,0.052651383,100
8,1691305200.0,0.12719621,100
9,1691308800.0,0.06861165,100
10,1691312400.0,0.11766124,100
11,1691316000.0,0.15054266,100
12,1691319600.0,0.18307823,100
13,1691323200.0,0.20335913,100
14,1691326800.0,0.20380071,100
15,1691330400.0,0.23678462,100
16,1691334000.0,0.20601884,100
17,1691337600.0,0.23206176,100
18,1691341200.0,0.18618365,100
19,1691344800.0,0.1498562,100
20,1691348400.0,0.1708491,100
21,1691352000.0,0.11567739,100
22,1691355600.0,0.11855657,100
23,1691359200.0,0.08795761,100
0,1691276400.0,0.21763487,107
1,1691280000.0,0.24774422,107
2,1691283600.0,0.2180672,107
3,1691287200.0,0.20854107,107
4,1691290800.0,0.20139956,107
5,1691294400.0,0.13618052,107
6,1691298000.0,0.1814844,107
7,1691301600.0,0.22980799,107
8,1691305200.0,0.30578604,107
9,1691308800.0,0.27634013,107
10,1691312400.0,0.32538974,107
11,1691316000.0,0.3582713,107
12,1691319600.0,0.3920076,107
13,1691323200.0,0.4122885,107
14,1691326800.0,0.4127301,107
15,1691330400.0,0.44571388,107
16,1691334000.0,0.45397043,107
17,1691337600.0,0.48001337,107
18,1691341200.0,0.43413526,107
19,1691344800.0,0.37831306,107
20,1691348400.0,0.31205836,107
21,1691352000.0,0.24498191,107
22,1691355600.0,0.21108873,107
23,1691359200.0,0.1804897,107
0,1691276400.0,0.19231343,113
1,1691280000.0,0.22242282,113
2,1691283600.0,0.15995942,113
3,1691287200.0,0.15580343,113
4,1691290800.0,0.14866191,113
5,1691294400.0,0.08550427,113
6,1691298000.0,0.11326001,113
7,1691301600.0,0.16158363,113
8,1691305200.0,0.2427995,113
9,1691308800.0,0.23997371,113
10,1691312400.0,0.32180965,113
11,1691316000.0,0.35469112,113
12,1691319600.0,0.39621142,113
13,1691323200.0,0.44070897,113
14,1691326800.0,0.44115055,113
15,1691330400.0,0.47413436,113
16,1691334000.0,0.48239088,113
17,1691337600.0,0.5199849,113
18,1691341200.0,0.44818163,113
19,1691344800.0,0.38800034,113
20,1691348400.0,0.26444992,113
21,1691352000.0,0.21432589,113
22,1691355600.0,0.16422853,113
23,1691359200.0,0.12537123,113
0,1691276400.0,0.28187594,114
1,1691280000.0,0.30041122,114
2,1691283600.0,0.27073407,114
3,1691287200.0,0.26863855,114
4,1691290800.0,0.25498906,114
5,1691294400.0,0.19183141,114
6,1691298000.0,0.23219629,114
7,1691301600.0,0.3466085,114
8,1691305200.0,0.47637942,114
9,1691308800.0,0.46605942,114
10,1691312400.0,0.51510876,114
11,1691316000.0,0.54945,114
12,1691319600.0,0.5831864,114
13,1691323200.0,0.6034673,114
14,1691326800.0,0.6039089,114
15,1691330400.0,0.5839018,114
16,1691334000.0,0.5921583,114
17,1691337600.0,0.7140708,114
18,1691341200.0,0.6681927,114
19,1691344800.0,0.57818353,114
20,1691348400.0,0.3904958,114
21,1691352000.0,0.21144898,114
22,1691355600.0,0.16378641,114
23,1691359200.0,0.13318747,114
0,1691276400.0,0.08631405,116
1,1691280000.0,0.12271758,116
2,1691283600.0,0.1018898,116
3,1691287200.0,0.097733796,116
4,1691290800.0,0.090592295,116
5,1691294400.0,0.03535606,116
6,1691298000.0,0.071383,116
7,1691301600.0,0.092536665,116
8,1691305200.0,0.1309396,116
9,1691308800.0,0.092447475,116
10,1691312400.0,0.14149709,116
11,1691316000.0,0.16942039,116
12,1691319600.0,0.20315675,116
13,1691323200.0,0.22343771,116
14,1691326800.0,0.22387932,116
15,1691330400.0,0.25686315,116
16,1691334000.0,0.23072638,116
17,1691337600.0,0.2723494,116
18,1691341200.0,0.2264713,116
19,1691344800.0,0.19941515,116
20,1691348400.0,0.14759675,116
21,1691352000.0,0.101772554,116
22,1691355600.0,0.06787932,116
23,1691359200.0,0.037280377,116
0,1691276400.0,0.105512485,12
1,1691280000.0,0.13562186,12
2,1691283600.0,0.105944864,12
3,1691287200.0,0.13808417,12
4,1691290800.0,0.13088481,12
5,1691294400.0,0.06772715,12
6,1691298000.0,0.0560772,12
7,1691301600.0,0.06304302,12
8,1691305200.0,0.14425887,12
9,1691308800.0,0.12743092,12
10,1691312400.0,0.18496063,12
11,1691316000.0,0.21784212,12
12,1691319600.0,0.25157848,12
13,1691323200.0,0.27185947,12
14,1691326800.0,0.28231013,12
15,1691330400.0,0.31529394,12
16,1691334000.0,0.3122948,12
17,1691337600.0,0.33833775,12
18,1691341200.0,0.29245964,12
19,1691344800.0,0.2516269,12
20,1691348400.0,0.19196504,12
21,1691352000.0,0.12488864,12
22,1691355600.0,0.0956888,12
23,1691359200.0,0.072749875,12
0,1691276400.0,0.08001636,120
1,1691280000.0,0.11012576,120
2,1691283600.0,0.08044874,120
3,1691287200.0,0.076292746,120
4,1691290800.0,0.07126571,120
5,1691294400.0,0.0063538635,120
6,1691298000.0,0.026325796,120
7,1691301600.0,-0.016295504,120
8,1691305200.0,0.020901445,120
9,1691308800.0,-0.002166301,120
10,1691312400.0,0.046883266,120
11,1691316000.0,0.07976469,120
12,1691319600.0,0.11226987,120
13,1691323200.0,0.11353218,120
14,1691326800.0,0.11397378,120
15,1691330400.0,0.11851087,120
16,1691334000.0,0.09175253,120
17,1691337600.0,0.11779553,120
18,1691341200.0,0.07191735,120
19,1691344800.0,0.016095143,120
20,1691348400.0,0.03933927,120
21,1691352000.0,0.02494419,120
22,1691355600.0,0.011217033,120
23,1691359200.0,0.0013795198,120
0,1691276400.0,0.26051685,125
1,1691280000.0,0.28868237,125
2,1691283600.0,0.23821941,125
3,1691287200.0,0.24467143,125
4,1691290800.0,0.23752993,125
5,1691294400.0,0.17631611,125
6,1691298000.0,0.21448638,125
7,1691301600.0,0.26997256,125
8,1691305200.0,0.35118848,125
9,1691308800.0,0.41499457,125
10,1691312400.0,0.75133055,125
11,1691316000.0,0.94806683,125
12,1691319600.0,1.0343332,125
13,1691323200.0,1.0546141,125
14,1691326800.0,1.0837414,125
15,1691330400.0,1.1180527,125
16,1691334000.0,1.0629908,125
17,1691337600.0,0.861102,125
18,1691341200.0,0.7408728,125
19,1691344800.0,0.59921354,125
20,1691348400.0,0.4520875,125
21,1691352000.0,0.37532726,125
22,1691355600.0,0.2757746,125
23,1691359200.0,0.1714697,125
0,1691276400.0,0.21053676,127
1,1691280000.0,0.21181427,127
2,1691283600.0,0.16653311,127
3,1691287200.0,0.1623771,127
4,1691290800.0,0.15523557,127
5,1691294400.0,0.092077926,127
6,1691298000.0,0.13219203,127
7,1691301600.0,0.2702538,127
8,1691305200.0,0.3409653,127
9,1691308800.0,0.43119597,127
10,1691312400.0,0.4731625,127
11,1691316000.0,0.56355727,127
12,1691319600.0,0.8293023,127
13,1691323200.0,0.9169038,127
14,1691326800.0,0.92581826,127
15,1691330400.0,0.9821128,127
16,1691334000.0,0.9903695,127
17,1691337600.0,1.2053753,127
18,1691341200.0,1.1594971,127
19,1691344800.0,1.0451291,127
20,1691348400.0,0.740542,127
21,1691352000.0,0.790169,127
22,1691355600.0,0.7556651,127
23,1691359200.0,0.5811999,127
0,1691276400.0,0.30026713,13
1,1691280000.0,0.30849528,13
2,1691283600.0,0.27881816,13
3,1691287200.0,0.24000852,13
4,1691290800.0,0.232867,13
5,1691294400.0,0.16970934,13
6,1691298000.0,0.28047928,13
7,1691301600.0,0.44762376,13
8,1691305200.0,0.5288396,13
9,1691308800.0,0.5402686,13
10,1691312400.0,0.6287274,13
11,1691316000.0,0.6616088,13
12,1691319600.0,0.69534516,13
13,1691323200.0,0.715626,13
14,1691326800.0,0.7662831,13
15,1691330400.0,0.79926693,13
16,1691334000.0,0.8085158,13
17,1691337600.0,1.0083225,13
18,1691341200.0,0.9624443,13
19,1691344800.0,0.82547927,13
20,1691348400.0,0.6820985,13
21,1691352000.0,0.5112644,13
22,1691355600.0,0.42433247,13
23,1691359200.0,0.2441791,13
0,1691276400.0,0.12751338,137
1,1691280000.0,0.15836571,137
2,1691283600.0,0.12868871,137
3,1691287200.0,0.12453269,137
4,1691290800.0,0.11739118,137
5,1691294400.0,0.054233562,137
6,1691298000.0,0.097787015,137
7,1691301600.0,0.12818429,137
8,1691305200.0,0.22188716,137
9,1691308800.0,0.20431624,137
10,1691312400.0,0.34576252,137
11,1691316000.0,0.36487728,137
12,1691319600.0,0.39861366,137
13,1691323200.0,0.41889456,137
14,1691326800.0,0.43260866,137
15,1691330400.0,0.46832705,137
16,1691334000.0,0.53781486,137
17,1691337600.0,0.62377596,137
18,1691341200.0,0.5911704,137
19,1691344800.0,0.40103018,137
20,1691348400.0,0.24977486,137
21,1691352000.0,0.18269837,137
22,1691355600.0,0.14597093,137
23,1691359200.0,0.11537198,137
0,1691276400.0,0.21037413,140
1,1691280000.0,0.18757284,140
2,1691283600.0,0.16067648,140
3,1691287200.0,0.12203802,140
4,1691290800.0,0.124273814,140
5,1691294400.0,0.059681397,140
6,1691298000.0,0.09979552,140
7,1691301600.0,0.14811914,140
8,1691305200.0,0.2932597,140
9,1691308800.0,0.18890426,140
10,1691312400.0,0.3541345,140
11,1691316000.0,0.39649254,140
12,1691319600.0,0.44160154,140
13,1691323200.0,0.46188244,140
14,1691326800.0,0.5170131,140
15,1691330400.0,0.7412157,140
16,1691334000.0,0.7628548,140
17,1691337600.0,0.85555995,140
18,1691341200.0,0.80968183,140
19,1691344800.0,0.54621595,140
20,1691348400.0,0.40802652,140
21,1691352000.0,0.31216028,140
22,1691355600.0,0.24080278,140
23,1691359200.0,0.21020381,140
0,1691276400.0,0.06629931,141
1,1691280000.0,0.09170065,141
2,1691283600.0,0.06202365,141
3,1691287200.0,0.057867657,141
4,1691290800.0,0.03983513,141
5,1691294400.0,-0.015401111,141
6,1691298000.0,0.022914082,141
7,1691301600.0,-0.010537362,141
8,1691305200.0,-0.015421764,141
9,1691308800.0,-0.0067062625,141
10,1691312400.0,0.04234332,141
11,1691316000.0,0.07522475,141
12,1691319600.0,0.104000114,141
13,1691323200.0,0.12428101,141
14,1691326800.0,0.12472258,141
15,1691330400.0,0.12373622,141
16,1691334000.0,0.09728162,141
17,1691337600.0,0.123324566,141
18,1691341200.0,0.07744651,141
19,1691344800.0,0.03661374,141
20,1691348400.0,0.06568144,141
21,1691352000.0,0.01713276,141
22,1691355600.0,0.011666813,141
23,1691359200.0,-0.01893214,141
0,1691276400.0,0.0840655,142
1,1691280000.0,0.117573075,142
2,1691283600.0,0.08789609,142
3,1691287200.0,0.083740085,142
4,1691290800.0,0.07659856,142
5,1691294400.0,0.026721328,142
6,1691298000.0,0.06683543,142
7,1691301600.0,0.05521257,142
8,1691305200.0,0.046802513,142
9,1691308800.0,0.0220531,142
10,1691312400.0,0.07110265,142
11,1691316000.0,0.103984095,142
12,1691319600.0,0.123595305,142
13,1691323200.0,0.14387624,142
14,1691326800.0,0.14431782,142
15,1691330400.0,0.15440148,142
16,1691334000.0,0.14036421,142
17,1691337600.0,0.15200825,142
18,1691341200.0,0.10613021,142
19,1691344800.0,0.050307866,142
20,1691348400.0,0.059068218,142
21,1691352000.0,0.05086145,142
22,1691355600.0,0.027873443,142
23,1691359200.0,-0.0019681775,142
0,1691276400.0,0.10571184,143
1,1691280000.0,0.13582122,143
2,1691283600.0,0.11626135,143
3,1691287200.0,0.11210534,143
4,1691290800.0,0.10987357,143
5,1691294400.0,0.04671594,143
6,1691298000.0,0.08062364,143
7,1691301600.0,0.11072294,143
8,1691305200.0,0.21659514,143
9,1691308800.0,0.16435838,143
10,1691312400.0,0.21340795,143
11,1691316000.0,0.23098473,143
12,1691319600.0,0.2635203,143
13,1691323200.0,0.2838012,143
14,1691326800.0,0.28424278,143
15,1691330400.0,0.3172266,143
16,1691334000.0,0.3254831,143
17,1691337600.0,0.3876508,143
18,1691341200.0,0.34177268,143
19,1691344800.0,0.28595048,143
20,1691348400.0,0.22425742,143
21,1691352000.0,0.165036,143
22,1691355600.0,0.13114282,143
23,1691359200.0,0.092159234,143
0,1691276400.0,0.110296145,144
1,1691280000.0,0.14040554,144
2,1691283600.0,0.110728525,144
3,1691287200.0,0.106572516,144
4,1691290800.0,0.099431,144
5,1691294400.0,0.036273357,144
6,1691298000.0,0.076387465,144
7,1691301600.0,0.12471108,144
8,1691305200.0,0.20592695,144
9,1691308800.0,0.20794083,144
10,1691312400.0,0.25699052,144
11,1691316000.0,0.28987202,144
12,1691319600.0,0.32360828,144
13,1691323200.0,0.3248614,144
14,1691326800.0,0.38125005,144
15,1691330400.0,0.41423386,144
16,1691334000.0,0.37842986,144
17,1691337600.0,0.40447277,144
18,1691341200.0,0.3585947,144
19,1691344800.0,0.27402434,144
20,1691348400.0,0.2077696,144
21,1691352000.0,0.13173041,144
22,1691355600.0,0.097837165,144
23,1691359200.0,0.06723819,144
0,1691276400.0,0.2665876,148
1,1691280000.0,0.32838827,148
2,1691283600.0,0.29895532,148
3,1691287200.0,0.2947993,148
4,1691290800.0,0.28765777,148
5,1691294400.0,0.14336568,148
6,1691298000.0,0.2202659,148
7,1691301600.0,0.35097575,148
8,1691305200.0,0.82062775,148
9,1691308800.0,0.7961407,148
10,1691312400.0,0.8089751,148
11,1691316000.0,0.8673785,148
12,1691319600.0,0.95101357,148
13,1691323200.0,0.97129446,148
14,1691326800.0,0.9717361,148
15,1691330400.0,0.9970722,148
16,1691334000.0,1.1247065,148
17,1691337600.0,1.3831397,148
18,1691341200.0,1.3372616,148
19,1691344800.0,1.2973876,148
20,1691348400.0,0.92227894,148
21,1691352000.0,0.64839226,148
22,1691355600.0,0.599899,148
23,1691359200.0,0.5658906,148
0,1691276400.0,0.20829618,151
1,1691280000.0,0.2172296,151
2,1691283600.0,0.1875526,151
3,1691287200.0,0.18344152,151
4,1691290800.0,0.1763,151
5,1691294400.0,0.11314237,151
6,1691298000.0,0.18548127,151
7,1691301600.0,0.29488307,151
8,1691305200.0,0.4579128,151
9,1691308800.0,0.47278532,151
10,1691312400.0,0.552649,151
11,1691316000.0,0.58553046,151
12,1691319600.0,0.6299531,151
13,1691323200.0,0.6502339,151
14,1691326800.0,0.7321798,151
15,1691330400.0,0.76516366,151
16,1691334000.0,0.9207574,151
17,1691337600.0,1.1068053,151
18,1691341200.0,1.0609275,151
19,1691344800.0,0.98597413,151
20,1691348400.0,0.9197194,151
21,1691352000.0,0.59524137,151
22,1691355600.0,0.46771824,151
23,1691359200.0,0.4236836,151
0,1691276400.0,0.22261298,152
1,1691280000.0,0.24590352,152
2,1691283600.0,0.21622652,152
3,1691287200.0,0.21207051,152
4,1691290800.0,0.20492898,152
5,1691294400.0,0.14177136,152
6,1691298000.0,0.19366387,152
7,1691301600.0,0.18959428,152
8,1691305200.0,0.27081028,152
9,1691308800.0,0.25478613,152
10,1691312400.0,0.29326028,152
11,1691316000.0,0.30757794,152
12,1691319600.0,0.3413143,152
13,1691323200.0,0.32134935,152
14,1691326800.0,0.32179093,152
15,1691330400.0,0.32708427,152
16,1691334000.0,0.36032334,152
17,1691337600.0,0.38636628,152
18,1691341200.0,0.3590519,152
19,1691344800.0,0.22616406,152
20,1691348400.0,0.21438001,152
21,1691352000.0,0.14730361,152
22,1691355600.0,0.11341044,152
23,1691359200.0,0.08281144,152
0,1691276400.0,0.055394568,158
1,1691280000.0,0.18315303,158
2,1691283600.0,0.15347597,158
3,1691287200.0,0.14931996,158
4,1691290800.0,0.14267507,158
5,1691294400.0,0.079517424,158
6,1691298000.0,0.11963154,158
7,1691301600.0,0.2556298,158
8,1691305200.0,0.5006168,158
9,1691308800.0,0.44153926,158
10,1691312400.0,0.4905887,158
11,1691316000.0,0.55009085,158
12,1691319600.0,0.5838273,158
13,1691323200.0,0.60410815,158
14,1691326800.0,0.6020562,158
15,1691330400.0,0.6890912,158
16,1691334000.0,0.6757315,158
17,1691337600.0,0.715493,158
18,1691341200.0,0.6671214,158
19,1691344800.0,0.58717203,158
20,1691348400.0,0.43228358,158
21,1691352000.0,0.27074146,158
22,1691355600.0,0.23684828,158
23,1691359200.0,0.19869696,158
0,1691276400.0,0.1673762,161
1,1691280000.0,0.1974856,161
2,1691283600.0,0.14339706,161
3,1691287200.0,0.13924107,161
4,1691290800.0,0.13209954,161
5,1691294400.0,0.06894188,161
6,1691298000.0,0.10105362,161
7,1691301600.0,0.22085033,161
8,1691305200.0,0.36644104,161
9,1691308800.0,0.3520475,161
10,1691312400.0,0.41490594,161
11,1691316000.0,0.49835068,161
12,1691319600.0,0.7439829,161
13,1691323200.0,0.77347386,161
14,1691326800.0,0.77391547,161
15,1691330400.0,0.77862173,161
16,1691334000.0,0.7868782,161
17,1691337600.0,0.96173537,161
18,1691341200.0,0.9253803,161
19,1691344800.0,0.90899354,161
20,1691348400.0,0.51411116,161
21,1691352000.0,0.34582967,161
22,1691355600.0,0.23955813,161
23,1691359200.0,0.1703747,161
0,1691276400.0,0.1848479,162
1,1691280000.0,0.21495727,162
2,1691283600.0,0.18528023,162
3,1691287200.0,0.16749065,162
4,1691290800.0,0.16034913,162
5,1691294400.0,0.09719147,162
6,1691298000.0,0.19276708,162
7,1691301600.0,0.22517,162
8,1691305200.0,0.36327636,162
9,1691308800.0,0.4346163,162
10,1691312400.0,0.48964882,162
11,1691316000.0,0.517313,162
12,1691319600.0,0.53900635,162
13,1691323200.0,0.5653853,162
14,1691326800.0,0.5633332,162
15,1691330400.0,0.66437894,162
16,1691334000.0,0.63819456,162
17,1691337600.0,0.66460073,162
18,1691341200.0,0.6339938,162
19,1691344800.0,0.51789093,162
20,1691348400.0,0.35106942,162
21,1691352000.0,0.25993934,162
22,1691355600.0,0.21928728,162
23,1691359200.0,0.18868831,162
0,1691276400.0,0.067739844,163
1,1691280000.0,0.10214742,163
2,1691283600.0,0.07247041,163
3,1691287200.0,0.06831441,163
4,1691290800.0,0.06328737,163
5,1691294400.0,0.00012973107,163
6,1691298000.0,0.033342127,163
7,1691301600.0,0.00082493946,163
8,1691305200.0,-0.0036982698,163
9,1691308800.0,-0.022640768,163
10,1691312400.0,0.026408788,163
11,1691316000.0,0.05929025,163
12,1691319600.0,0.09083208,163
13,1691323200.0,0.09209437,163
14,1691326800.0,0.08053121,163
15,1691330400.0,0.09294456,163
16,1691334000.0,0.06303697,163
17,1691337600.0,0.08907996,163
18,1691341200.0,0.043201797,163
19,1691344800.0,0.030112492,163
20,1691348400.0,0.033262435,163
21,1691352000.0,0.0068196296,163
22,1691355600.0,0.0007953485,163
23,1691359200.0,-0.021595022,163
0,1691276400.0,0.052197628,164
1,1691280000.0,0.08230701,164
2,1691283600.0,0.056944657,164
3,1691287200.0,0.05278865,164
4,1691290800.0,0.047761608,164
5,1691294400.0,-0.015396041,164
6,1691298000.0,0.014107732,164
7,1691301600.0,-0.013107071,164
8,1691305200.0,-0.017392643,164
9,1691308800.0,-0.03633514,164
10,1691312400.0,0.012714431,164
11,1691316000.0,0.03479708,164
12,1691319600.0,0.067332596,164
13,1691323200.0,0.06859489,164
14,1691326800.0,0.06903646,164
15,1691330400.0,0.07493671,164
16,1691334000.0,0.04930111,164
17,1691337600.0,0.037997544,164
18,1691341200.0,0.011996058,164
19,1691344800.0,-0.021413008,164
20,1691348400.0,0.0029908132,164
21,1691352000.0,-0.0065651247,164
22,1691355600.0,-0.008131488,164
23,1691359200.0,-0.030334825,164
0,1691276400.0,0.0700338,166
1,1691280000.0,0.11225205,166
2,1691283600.0,0.09132408,166
3,1691287200.0,0.08716809,166
4,1691290800.0,0.08002659,166
5,1691294400.0,0.0133288205,166
6,1691298000.0,0.062632136,166
7,1691301600.0,0.026804324,166
8,1691305200.0,0.0082236845,166
9,1691308800.0,-0.008604334,166
10,1691312400.0,0.04044522,166
11,1691316000.0,0.06252786,166
12,1691319600.0,0.08695451,166
13,1691323200.0,0.08621938,166
14,1691326800.0,0.091179565,166
15,1691330400.0,0.09938601,166
16,1691334000.0,0.054634593,166
17,1691337600.0,0.06969267,166
18,1691341200.0,0.043691214,166
19,1691344800.0,0.00266126,166
20,1691348400.0,0.027466582,166
21,1691352000.0,0.007329456,166
22,1691355600.0,-0.0040596463,166
23,1691359200.0,-0.014461317,166
0,1691276400.0,0.11883697,170
1,1691280000.0,0.14894634,170
2,1691283600.0,0.119269334,170
3,1691287200.0,0.115113325,170
4,1691290800.0,0.10797181,170
5,1691294400.0,0.044814184,170
6,1691298000.0,0.0849283,170
7,1691301600.0,0.13325189,170
8,1691305200.0,0.21446781,170
9,1691308800.0,0.1976399,170
10,1691312400.0,0.24668941,170
11,1691316000.0,0.27957094,170
12,1691319600.0,0.31330732,170
13,1691323200.0,0.3335882,170
14,1691326800.0,0.3340298,170
15,1691330400.0,0.3670136,170
16,1691334000.0,0.37527013,170
17,1691337600.0,0.40131307,170
18,1691341200.0,0.35543495,170
19,1691344800.0,0.29961276,170
20,1691348400.0,0.23335804,170
21,1691352000.0,0.16628161,170
22,1691355600.0,0.13238843,170
23,1691359200.0,0.101789385,170
0,1691276400.0,0.10786929,186
1,1691280000.0,0.1411201,186
2,1691283600.0,0.11144311,186
3,1691287200.0,0.10340793,186
4,1691290800.0,0.10129344,186
5,1691294400.0,0.04941407,186
6,1691298000.0,0.09166219,186
7,1691301600.0,0.080849074,186
8,1691305200.0,0.15856253,186
9,1691308800.0,0.1417346,186
10,1691312400.0,0.18036537,186
11,1691316000.0,0.21324681,186
12,1691319600.0,0.24698323,186
13,1691323200.0,0.2672641,186
14,1691326800.0,0.26770565,186
15,1691330400.0,0.279495,186
16,1691334000.0,0.286728,186
17,1691337600.0,0.3080265,186
18,1691341200.0,0.26214832,186
19,1691344800.0,0.20632607,186
20,1691348400.0,0.16265483,186
21,1691352000.0,0.12400404,186
22,1691355600.0,0.10302011,186
23,1691359200.0,0.09439004,186
0,1691276400.0,0.10528885,209
1,1691280000.0,0.36141858,209
2,1691283600.0,0.3430166,209
3,1691287200.0,0.3383039,209
4,1691290800.0,0.33116236,209
5,1691294400.0,0.09285907,209
6,1691298000.0,0.40323922,209
7,1691301600.0,0.3756627,209
8,1691305200.0,0.44204286,209
9,1691308800.0,0.238498,209
10,1691312400.0,0.4575561,209
11,1691316000.0,0.49293116,209
12,1691319600.0,0.34086603,209
13,1691323200.0,0.36114693,209
14,1691326800.0,0.35909498,209
15,1691330400.0,0.41008142,209
16,1691334000.0,0.4208315,209
17,1691337600.0,0.4468742,209
18,1691341200.0,0.3985026,209
19,1691344800.0,0.3407496,209
20,1691348400.0,0.22726934,209
21,1691352000.0,0.1454621,209
22,1691355600.0,0.14745142,209
23,1691359200.0,0.10460828,209
0,1691276400.0,0.14443077,211
1,1691280000.0,0.17454019,211
2,1691283600.0,0.14486311,211
3,1691287200.0,0.14070712,211
4,1691290800.0,0.11317483,211
5,1691294400.0,0.0500172,211
6,1691298000.0,0.28400782,211
7,1691301600.0,0.28349924,211
8,1691305200.0,0.39288127,211
9,1691308800.0,0.37605336,211
10,1691312400.0,0.43580687,211
11,1691316000.0,0.46742895,211
12,1691319600.0,0.5033263,211
13,1691323200.0,0.52360713,211
14,1691326800.0,0.5382503,211
15,1691330400.0,0.57396877,211
16,1691334000.0,0.7259677,211
17,1691337600.0,0.7480347,211
18,1691341200.0,0.57598245,211
19,1691344800.0,0.50485,211
20,1691348400.0,0.35456175,211
21,1691352000.0,0.28748545,211
22,1691355600.0,0.26598522,211
23,1691359200.0,0.19639346,211
0,1691276400.0,0.12300704,224
1,1691280000.0,0.1531164,224
2,1691283600.0,0.1234394,224
3,1691287200.0,0.11928339,224
4,1691290800.0,0.11214188,224
5,1691294400.0,0.04898424,224
6,1691298000.0,0.08909836,224
7,1691301600.0,0.13290301,224
8,1691305200.0,0.2141189,224
9,1691308800.0,0.19729099,224
10,1691312400.0,0.24634057,224
11,1691316000.0,0.27922207,224
12,1691319600.0,0.31295845,224
13,1691323200.0,0.33323935,224
14,1691326800.0,0.33368093,224
15,1691330400.0,0.36666474,224
16,1691334000.0,0.37389773,224
17,1691337600.0,0.39994067,224
18,1691341200.0,0.35406256,224
19,1691344800.0,0.29824036,224
20,1691348400.0,0.23198561,224
21,1691352000.0,0.16712804,224
22,1691355600.0,0.12899242,224
23,1691359200.0,0.09839341,224
0,1691276400.0,0.20457554,229
1,1691280000.0,0.2351423,229
2,1691283600.0,0.19830221,229
3,1691287200.0,0.19484958,229
4,1691290800.0,0.18770806,229
5,1691294400.0,0.30593392,229
6,1691298000.0,0.36059126,229
7,1691301600.0,0.54454154,229
8,1691305200.0,0.71276706,229
9,1691308800.0,0.7010663,229
10,1691312400.0,0.7777093,229
11,1691316000.0,0.94726497,229
12,1691319600.0,1.0232128,229
13,1691323200.0,1.0434936,229
14,1691326800.0,1.1545134,229
15,1691330400.0,1.210951,229
16,1691334000.0,1.2585574,229
17,1691337600.0,1.1326611,229
18,1691341200.0,1.086783,229
19,1691344800.0,0.98590714,229
20,1691348400.0,0.79596126,229
21,1691352000.0,0.59322774,229
22,1691355600.0,0.5451582,229
23,1691359200.0,0.58388156,229
0,1691276400.0,0.06381131,230
1,1691280000.0,0.10708446,230
2,1691283600.0,0.08108168,230
3,1691287200.0,0.07692568,230
4,1691290800.0,0.07189865,230
5,1691294400.0,0.008740997,230
6,1691298000.0,0.0388743,230
7,1691301600.0,-0.016715238,230
8,1691305200.0,0.05008477,230
9,1691308800.0,0.0022291818,230
10,1691312400.0,0.051278725,230
11,1691316000.0,0.08416017,230
12,1691319600.0,0.0909333,230
13,1691323200.0,0.09219561,230
14,1691326800.0,0.09263717,230
15,1691330400.0,0.08768011,230
16,1691334000.0,0.086455636,230
17,1691337600.0,0.08286777,230
18,1691341200.0,0.036989678,230
19,1691344800.0,0.018448407,230
20,1691348400.0,0.017811341,230
21,1691352000.0,0.0063728034,230
22,1691355600.0,0.0069944253,230
23,1691359200.0,0.0026335076,230
0,1691276400.0,0.19456589,231
1,1691280000.0,0.21827413,231
2,1691283600.0,0.1885971,231
3,1691287200.0,0.17819388,231
4,1691290800.0,0.1710523,231
5,1691294400.0,0.107894674,231
6,1691298000.0,0.23315482,231
7,1691301600.0,0.31464228,231
8,1691305200.0,0.39585814,231
9,1691308800.0,0.33374658,231
10,1691312400.0,0.38279617,231
11,1691316000.0,0.41518345,231
12,1691319600.0,0.44891983,231
13,1691323200.0,0.5204751,231
14,1691326800.0,0.5836439,231
15,1691330400.0,0.6193623,231
16,1691334000.0,0.66362303,231
17,1691337600.0,0.7821611,231
18,1691341200.0,0.8442645,231
19,1691344800.0,0.6909442,231
20,1691348400.0,0.53421056,231
21,1691352000.0,0.3642558,231
22,1691355600.0,0.30289593,231
23,1691359200.0,0.2929883,231
0,1691276400.0,0.11110316,232
1,1691280000.0,0.1514228,232
2,1691283600.0,0.12174579,232
3,1691287200.0,0.10837068,232
4,1691290800.0,0.10122915,232
5,1691294400.0,0.03807152,232
6,1691298000.0,0.07818562,232
7,1691301600.0,0.1383125,232
8,1691305200.0,0.40128314,232
9,1691308800.0,0.38610113,232
10,1691312400.0,0.4351507,232
11,1691316000.0,0.5548056,232
12,1691319600.0,0.6987229,232
13,1691323200.0,0.71900374,232
14,1691326800.0,0.7897811,232
15,1691330400.0,0.8618086,232
16,1691334000.0,0.8700652,232
17,1691337600.0,0.94184667,232
18,1691341200.0,0.8959686,232
19,1691344800.0,0.75304943,232
20,1691348400.0,0.5614567,232
21,1691352000.0,0.39116064,232
22,1691355600.0,0.35726744,232
23,1691359200.0,0.25764284,232
0,1691276400.0,0.17092529,233
1,1691280000.0,0.18300499,233
2,1691283600.0,0.15332796,233
3,1691287200.0,0.14917195,233
4,1691290800.0,0.14203043,233
5,1691294400.0,0.07887281,233
6,1691298000.0,0.103615634,233
7,1691301600.0,0.15193923,233
8,1691305200.0,0.23315515,233
9,1691308800.0,0.22746496,233
10,1691312400.0,0.27651447,233
11,1691316000.0,0.309396,233
12,1691319600.0,0.34313238,233
13,1691323200.0,0.36341327,233
14,1691326800.0,0.36385486,233
15,1691330400.0,0.39683867,233
16,1691334000.0,0.36819753,233
17,1691337600.0,0.39424047,233
18,1691341200.0,0.34836236,233
19,1691344800.0,0.29254016,233
20,1691348400.0,0.22628544,233
21,1691352000.0,0.15920898,233
22,1691355600.0,0.12531579,233
23,1691359200.0,0.094716765,233
0,1691276400.0,0.28062811,234
1,1691280000.0,0.31221208,234
2,1691283600.0,0.27814457,234
3,1691287200.0,0.27639538,234
4,1691290800.0,0.2711891,234
5,1691294400.0,0.20803142,234
6,1691298000.0,0.2481455,234
7,1691301600.0,0.2964693,234
8,1691305200.0,0.3917892,234
9,1691308800.0,0.3757651,234
10,1691312400.0,0.42481464,234
11,1691316000.0,0.44977683,234
12,1691319600.0,0.5024483,234
13,1691323200.0,0.52272916,234
14,1691326800.0,0.52067715,234
15,1691330400.0,0.399795,234
16,1691334000.0,0.41054508,234
17,1691337600.0,0.4620042,234
18,1691341200.0,0.41363254,234
19,1691344800.0,0.35781035,234
20,1691348400.0,0.26711178,234
21,1691352000.0,0.1640398,234
22,1691355600.0,0.119343266,234
23,1691359200.0,0.08252728,234
0,1691276400.0,0.027978841,236
1,1691280000.0,0.10083528,236
2,1691283600.0,0.071158245,236
3,1691287200.0,0.083124325,236
4,1691290800.0,0.075982794,236
5,1691294400.0,0.0010017671,236
6,1691298000.0,0.044538606,236
7,1691301600.0,0.11783412,236
8,1691305200.0,0.19904998,236
9,1691308800.0,0.13221589,236
10,1691312400.0,0.18126538,236
11,1691316000.0,0.21317743,236
12,1691319600.0,0.24691382,236
13,1691323200.0,0.26719475,236
14,1691326800.0,0.2442984,236
15,1691330400.0,0.27728224,236
16,1691334000.0,0.28553876,236
17,1691337600.0,0.32552555,236
18,1691341200.0,0.23424965,236
19,1691344800.0,0.15159002,236
20,1691348400.0,0.13524434,236
21,1691352000.0,0.049900793,236
22,1691355600.0,0.0445552,236
23,1691359200.0,0.013956165,236
0,1691276400.0,0.05156156,237
1,1691280000.0,0.10266407,237
2,1691283600.0,0.072987035,237
3,1691287200.0,0.08959458,237
4,1691290800.0,0.08245307,237
5,1691294400.0,0.0480559,237
6,1691298000.0,0.12752153,237
7,1691301600.0,0.09758847,237
8,1691305200.0,0.17880435,237
9,1691308800.0,0.16197641,237
10,1691312400.0,0.26501942,237
11,1691316000.0,0.2994327,237
12,1691319600.0,0.33316907,237
13,1691323200.0,0.33301678,237
14,1691326800.0,0.29899445,237
15,1691330400.0,0.33197826,237
16,1691334000.0,0.3402348,237
17,1691337600.0,0.41191256,237
18,1691341200.0,0.50908273,237
19,1691344800.0,0.44785437,237
20,1691348400.0,0.20025298,237
21,1691352000.0,0.13317664,237
22,1691355600.0,0.09928338,237
23,1691359200.0,0.06868443,237
0,1691276400.0,1.062986,238
1,1691280000.0,1.0930954,238
2,1691283600.0,1.0634184,238
3,1691287200.0,0.8839306,238
4,1691290800.0,0.87678903,238
5,1691294400.0,0.80666876,238
6,1691298000.0,0.8627406,238
7,1691301600.0,0.935138,238
8,1691305200.0,1.0163536,238
9,1691308800.0,1.0019602,238
10,1691312400.0,1.2263411,238
11,1691316000.0,1.6446517,238
12,1691319600.0,1.678388,238
13,1691323200.0,1.9360174,238
14,1691326800.0,1.936459,238
15,1691330400.0,1.9721773,238
16,1691334000.0,1.9804341,238
17,1691337600.0,1.6724882,238
18,1691341200.0,1.0320344,238
19,1691344800.0,0.8549477,238
20,1691348400.0,0.82324654,238
21,1691352000.0,0.7967484,238
22,1691355600.0,0.7121415,238
23,1691359200.0,0.43775007,238
0,1691276400.0,0.1897714,239
1,1691280000.0,0.18924631,239
2,1691283600.0,0.15956928,239
3,1691287200.0,0.14770691,239
4,1691290800.0,0.14056541,239
5,1691294400.0,0.07740778,239
6,1691298000.0,0.11752186,239
7,1691301600.0,0.16221857,239
8,1691305200.0,0.28932172,239
9,1691308800.0,0.27761203,239
10,1691312400.0,0.402832,239
11,1691316000.0,0.4357134,239
12,1691319600.0,0.46944982,239
13,1691323200.0,0.5208044,239
14,1691326800.0,0.50946033,239
15,1691330400.0,0.5424441,239
16,1691334000.0,0.55070066,239
17,1691337600.0,0.5789635,239
18,1691341200.0,0.5330854,239
19,1691344800.0,0.4772635,239
20,1691348400.0,0.37059045,239
21,1691352000.0,0.27837265,239
22,1691355600.0,0.2444794,239
23,1691359200.0,0.17573354,239
0,1691276400.0,0.175869,24
1,1691280000.0,0.2059784,24
2,1691283600.0,0.17157285,24
3,1691287200.0,0.14894934,24
4,1691290800.0,0.1341737,24
5,1691294400.0,0.07101604,24
6,1691298000.0,0.11113017,24
7,1691301600.0,0.15286702,24
8,1691305200.0,0.28973362,24
9,1691308800.0,0.25496817,24
10,1691312400.0,0.31984806,24
11,1691316000.0,0.35212243,24
12,1691319600.0,0.38245583,24
13,1691323200.0,0.40273672,24
14,1691326800.0,0.40317833,24
15,1691330400.0,0.44471654,24
16,1691334000.0,0.43901783,24
17,1691337600.0,0.524442,24
18,1691341200.0,0.4785639,24
19,1691344800.0,0.33262464,24
20,1691348400.0,0.2734101,24
21,1691352000.0,0.20032005,24
22,1691355600.0,0.16642687,24
23,1691359200.0,0.12585744,24
0,1691276400.0,0.094652675,243
1,1691280000.0,0.12476206,243
2,1691283600.0,0.09508504,243
3,1691287200.0,0.090929046,243
4,1691290800.0,0.08378754,243
5,1691294400.0,0.02062988,243
6,1691298000.0,0.072353534,243
7,1691301600.0,0.07313716,243
8,1691305200.0,0.08476722,243
9,1691308800.0,0.067939244,243
10,1691312400.0,0.08326427,243
11,1691316000.0,0.11614573,243
12,1691319600.0,0.14988211,243
13,1691323200.0,0.17016307,243
14,1691326800.0,0.17060465,243
15,1691330400.0,0.16658196,243
16,1691334000.0,0.16638106,243
17,1691337600.0,0.16787316,243
18,1691341200.0,0.1219951,243
19,1691344800.0,0.10344596,243
20,1691348400.0,0.090083286,243
21,1691352000.0,0.06849151,243
22,1691355600.0,0.05853236,243
23,1691359200.0,0.054663867,243
0,1691276400.0,0.27528718,244
1,1691280000.0,0.2212188,244
2,1691283600.0,0.07548664,244
3,1691287200.0,0.07133063,244
4,1691290800.0,0.057382707,244
5,1691294400.0,0.0024074726,244
6,1691298000.0,0.048496757,244
7,1691301600.0,0.14800298,244
8,1691305200.0,0.5025789,244
9,1691308800.0,0.4696936,244
10,1691312400.0,0.6487662,244
11,1691316000.0,0.6816477,244
12,1691319600.0,0.6950156,244
13,1691323200.0,0.80091894,244
14,1691326800.0,0.87216216,244
15,1691330400.0,1.2304914,244
16,1691334000.0,1.2387482,244
17,1691337600.0,1.3624021,244
18,1691341200.0,1.2906082,244
19,1691344800.0,1.0838616,244
20,1691348400.0,0.989728,244
21,1691352000.0,0.8513631,244
22,1691355600.0,0.80854875,244
23,1691359200.0,0.6609092,244
0,1691276400.0,0.11883697,246
1,1691280000.0,0.14894634,246
2,1691283600.0,0.119269334,246
3,1691287200.0,0.115113325,246
4,1691290800.0,0.10797181,246
5,1691294400.0,0.044814184,246
6,1691298000.0,0.0849283,246
7,1691301600.0,0.13325189,246
8,1691305200.0,0.21446781,246
9,1691308800.0,0.1976399,246
10,1691312400.0,0.24668941,246
11,1691316000.0,0.27957094,246
12,1691319600.0,0.31330732,246
13,1691323200.0,0.3335882,246
14,1691326800.0,0.3340298,246
15,1691330400.0,0.3670136,246
16,1691334000.0,0.37527013,246
17,1691337600.0,0.40131307,246
18,1691341200.0,0.35543495,246
19,1691344800.0,0.29961276,246
20,1691348400.0,0.23335804,246
21,1691352000.0,0.16628161,246
22,1691355600.0,0.13238843,246
23,1691359200.0,0.101789385,246
0,1691276400.0,0.108062804,249
1,1691280000.0,0.1341695,249
2,1691283600.0,0.104492486,249
3,1691287200.0,0.0931391,249
4,1691290800.0,0.08599759,249
5,1691294400.0,0.025823705,249
6,1691298000.0,0.06295402,249
7,1691301600.0,0.09951582,249
8,1691305200.0,0.16244748,249
9,1691308800.0,0.14561953,249
10,1691312400.0,0.17765008,249
11,1691316000.0,0.21053158,249
12,1691319600.0,0.24426791,249
13,1691323200.0,0.2632866,249
14,1691326800.0,0.26590726,249
15,1691330400.0,0.2713402,249
16,1691334000.0,0.27959672,249
17,1691337600.0,0.30563965,249
18,1691341200.0,0.25976154,249
19,1691344800.0,0.20563109,249
20,1691348400.0,0.18035041,249
21,1691352000.0,0.13407508,249
22,1691355600.0,0.10018181,249
23,1691359200.0,0.06958283,249
0,1691276400.0,0.11862604,261
1,1691280000.0,0.14680424,261
2,1691283600.0,0.11712723,261
3,1691287200.0,0.112971224,261
4,1691290800.0,0.105829716,261
5,1691294400.0,0.045842446,261
6,1691298000.0,0.07668865,261
7,1691301600.0,0.10241401,261
8,1691305200.0,0.18362989,261
9,1691308800.0,0.17940587,261
10,1691312400.0,0.22845538,261
11,1691316000.0,0.2500023,261
12,1691319600.0,0.2837388,261
13,1691323200.0,0.3040197,261
14,1691326800.0,0.30446127,261
15,1691330400.0,0.33744508,261
16,1691334000.0,0.3457016,261
17,1691337600.0,0.38792205,261
18,1691341200.0,0.34204394,261
19,1691344800.0,0.29780275,261
20,1691348400.0,0.21891515,261
21,1691352000.0,0.15183881,261
22,1691355600.0,0.11794562,261
23,1691359200.0,0.087346554,261
0,1691276400.0,0.15502654,262
1,1691280000.0,0.18513592,262
2,1691283600.0,0.15545888,262
3,1691287200.0,0.11656826,262
4,1691290800.0,0.10942676,262
5,1691294400.0,0.046269104,262
6,1691298000.0,0.09097726,262
7,1691301600.0,0.13226005,262
8,1691305200.0,0.21347599,262
9,1691308800.0,0.19664803,262
10,1691312400.0,0.21669921,262
11,1691316000.0,0.24958068,262
12,1691319600.0,0.28331718,262
13,1691323200.0,0.30359808,262
14,1691326800.0,0.30403966,262
15,1691330400.0,0.33702347,262
16,1691334000.0,0.36919612,262
17,1691337600.0,0.39615625,262
18,1691341200.0,0.35027814,262
19,1691344800.0,0.32671732,262
20,1691348400.0,0.32530814,262
21,1691352000.0,0.21020392,262
22,1691355600.0,0.17631073,262
23,1691359200.0,0.12987252,262
0,1691276400.0,0.09654223,263
1,1691280000.0,0.12474938,263
2,1691283600.0,0.095072374,263
3,1691287200.0,0.09091637,263
4,1691290800.0,0.08377486,263
5,1691294400.0,0.020617194,263
6,1691298000.0,0.060731314,263
7,1691301600.0,0.10658684,263
8,1691305200.0,0.20264602,263
9,1691308800.0,0.15263037,263
10,1691312400.0,0.19336523,263
11,1691316000.0,0.22624663,263
12,1691319600.0,0.2839296,263
13,1691323200.0,0.30421048,263
14,1691326800.0,0.2974532,263
15,1691330400.0,0.330437,263
16,1691334000.0,0.33869353,263
17,1691337600.0,0.35999203,263
18,1691341200.0,0.31411391,263
19,1691344800.0,0.28267652,263
20,1691348400.0,0.19230323,263
21,1691352000.0,0.12522684,263
22,1691355600.0,0.09133358,263
23,1691359200.0,0.060734633,263
0,1691276400.0,0.10799327,4
1,1691280000.0,0.15475903,4
2,1691283600.0,0.12508206,4
3,1691287200.0,0.120926045,4
4,1691290800.0,0.11378452,4
5,1691294400.0,0.050626863,4
6,1691298000.0,0.17846166,4
7,1691301600.0,0.2757816,4
8,1691305200.0,0.2798904,4
9,1691308800.0,0.27258864,4
10,1691312400.0,0.28879052,4
11,1691316000.0,0.321672,4
12,1691319600.0,0.3466488,4
13,1691323200.0,0.3669297,4
14,1691326800.0,0.36737126,4
15,1691330400.0,0.40035507,4
16,1691334000.0,0.41539016,4
17,1691337600.0,0.44365337,4
18,1691341200.0,0.35687745,4
19,1691344800.0,0.2743432,4
20,1691348400.0,0.22719997,4
21,1691352000.0,0.1601236,4
22,1691355600.0,0.12623045,4
23,1691359200.0,0.09563143,4
0,1691276400.0,0.120588765,41
1,1691280000.0,0.15069816,41
2,1691283600.0,0.121021144,41
3,1691287200.0,0.116865136,41
4,1691290800.0,0.10972362,41
5,1691294400.0,0.046565995,41
6,1691298000.0,0.0866801,41
7,1691301600.0,0.1299174,41
8,1691305200.0,0.20234627,41
9,1691308800.0,0.17969964,41
10,1691312400.0,0.2275531,41
11,1691316000.0,0.26043463,41
12,1691319600.0,0.30294618,41
13,1691323200.0,0.32196477,41
14,1691326800.0,0.32240638,41
15,1691330400.0,0.3553902,41
16,1691334000.0,0.35239106,41
17,1691337600.0,0.378434,41
18,1691341200.0,0.33255586,41
19,1691344800.0,0.2917232,41
20,1691348400.0,0.2254685,41
21,1691352000.0,0.15839204,41
22,1691355600.0,0.12229826,41
23,1691359200.0,0.098695666,41
0,1691276400.0,0.15008539,42
1,1691280000.0,0.15899605,42
2,1691283600.0,0.12931904,42
3,1691287200.0,0.12516303,42
4,1691290800.0,0.11802151,42
5,1691294400.0,0.056633793,42
6,1691298000.0,0.09497799,42
7,1691301600.0,0.14330159,42
8,1691305200.0,0.2245175,42
9,1691308800.0,0.22888832,42
10,1691312400.0,0.2779379,42
11,1691316000.0,0.3108194,42
12,1691319600.0,0.34455577,42
13,1691323200.0,0.36483666,42
14,1691326800.0,0.36527824,42
15,1691330400.0,0.39826205,42
16,1691334000.0,0.40651858,42
17,1691337600.0,0.43256152,42
18,1691341200.0,0.3866834,42
19,1691344800.0,0.3308612,42
20,1691348400.0,0.26460648,42
21,1691352000.0,0.19753002,42
22,1691355600.0,0.16363683,42
23,1691359200.0,0.13303784,42
0,1691276400.0,0.10115466,43
1,1691280000.0,0.11798724,43
2,1691283600.0,0.088310234,43
3,1691287200.0,0.08415423,43
4,1691290800.0,0.07701271,43
5,1691294400.0,0.026006706,43
6,1691298000.0,0.04865252,43
7,1691301600.0,0.051705617,43
8,1691305200.0,0.13292143,43
9,1691308800.0,0.148339,43
10,1691312400.0,0.19738854,43
11,1691316000.0,0.23026998,43
12,1691319600.0,0.26400635,43
13,1691323200.0,0.28428733,43
14,1691326800.0,0.28472894,43
15,1691330400.0,0.21830988,43
16,1691334000.0,0.22656642,43
17,1691337600.0,0.25260928,43
18,1691341200.0,0.2067312,43
19,1691344800.0,0.15090895,43
20,1691348400.0,0.14446113,43
21,1691352000.0,0.09519149,43
22,1691355600.0,0.06129827,43
23,1691359200.0,0.030699303,43
0,1691276400.0,0.14879055,45
1,1691280000.0,0.17889994,45
2,1691283600.0,0.1492229,45
3,1691287200.0,0.14506689,45
4,1691290800.0,0.13792537,45
5,1691294400.0,0.072480485,45
6,1691298000.0,0.11488183,45
7,1691301600.0,0.18656476,45
8,1691305200.0,0.31562066,45
9,1691308800.0,0.26143044,45
10,1691312400.0,0.3122322,45
11,1691316000.0,0.26943988,45
12,1691319600.0,0.30317634,45
13,1691323200.0,0.32219493,45
14,1691326800.0,0.32263651,45
15,1691330400.0,0.35562032,45
16,1691334000.0,0.36387685,45
17,1691337600.0,0.41868597,45
18,1691341200.0,0.37280786,45
19,1691344800.0,0.31523347,45
20,1691348400.0,0.21080019,45
21,1691352000.0,0.14506453,45
22,1691355600.0,0.10983064,45
23,1691359200.0,0.079231635,45
0,1691276400.0,0.12408576,48
1,1691280000.0,0.15419517,48
2,1691283600.0,0.10789009,48
3,1691287200.0,0.10881252,48
4,1691290800.0,0.07653161,48
5,1691294400.0,0.03162987,48
6,1691298000.0,0.08076273,48
7,1691301600.0,0.14076686,48
8,1691305200.0,0.35932603,48
9,1691308800.0,0.38286945,48
10,1691312400.0,0.5724536,48
11,1691316000.0,0.60533506,48
12,1691319600.0,0.61303514,48
13,1691323200.0,0.69818085,48
14,1691326800.0,0.69862247,48
15,1691330400.0,0.73160636,48
16,1691334000.0,0.74968827,48
17,1691337600.0,0.8060614,48
18,1691341200.0,0.7210509,48
19,1691344800.0,0.5471537,48
20,1691348400.0,0.36117738,48
21,1691352000.0,0.1854562,48
22,1691355600.0,0.07470869,48
23,1691359200.0,0.022074478,48
0,1691276400.0,0.09532224,50
1,1691280000.0,0.12543164,50
2,1691283600.0,0.09575461,50
3,1691287200.0,0.09159861,50
4,1691290800.0,0.090656675,50
5,1691294400.0,0.03424793,50
6,1691298000.0,0.074362025,50
7,1691301600.0,0.10292342,50
8,1691305200.0,0.18413931,50
9,1691308800.0,0.15371914,50
10,1691312400.0,0.20276871,50
11,1691316000.0,0.23565023,50
12,1691319600.0,0.26925126,50
13,1691323200.0,0.28826985,50
14,1691326800.0,0.28871143,50
15,1691330400.0,0.28734648,50
16,1691334000.0,0.295603,50
17,1691337600.0,0.32164595,50
18,1691341200.0,0.27576783,50
19,1691344800.0,0.21994562,50
20,1691348400.0,0.1536908,50
21,1691352000.0,0.09758632,50
22,1691355600.0,0.06369305,50
23,1691359200.0,0.033094138,50
0,1691276400.0,0.10488716,68
1,1691280000.0,0.13499655,68
2,1691283600.0,0.10531952,68
3,1691287200.0,0.10116353,68
4,1691290800.0,0.09402201,68
5,1691294400.0,0.030864358,68
6,1691298000.0,0.07031303,68
7,1691301600.0,0.097437955,68
8,1691305200.0,0.1514802,68
9,1691308800.0,0.13465224,68
10,1691312400.0,0.18370178,68
11,1691316000.0,0.21658322,68
12,1691319600.0,0.24911886,68
13,1691323200.0,0.26939973,68
14,1691326800.0,0.2698413,68
15,1691330400.0,0.30282512,68
16,1691334000.0,0.28770384,68
17,1691337600.0,0.3021097,68
18,1691341200.0,0.22305232,68
19,1691344800.0,0.16723016,68
20,1691348400.0,0.107086614,68
21,1691352000.0,0.06858431,68
22,1691355600.0,0.03469118,68
23,1691359200.0,0.016830431,68
0,1691276400.0,0.11330503,74
1,1691280000.0,0.13810745,74
2,1691283600.0,0.10843042,74
3,1691287200.0,0.104274444,74
4,1691290800.0,0.09713293,74
5,1691294400.0,0.033975277,74
6,1691298000.0,0.07730852,74
7,1691301600.0,0.1151748,74
8,1691305200.0,0.17708899,74
9,1691308800.0,0.1470831,74
10,1691312400.0,0.19613267,74
11,1691316000.0,0.22405602,74
12,1691319600.0,0.25779232,74
13,1691323200.0,0.27807334,74
14,1691326800.0,0.27851492,74
15,1691330400.0,0.31149873,74
16,1691334000.0,0.31975526,74
17,1691337600.0,0.3612491,74
18,1691341200.0,0.31858575,74
19,1691344800.0,0.27330258,74
20,1691348400.0,0.20472164,74
21,1691352000.0,0.1376453,74
22,1691355600.0,0.10375204,74
23,1691359200.0,0.07315308,74
0,1691276400.0,0.10586271,75
1,1691280000.0,0.13955076,75
2,1691283600.0,0.10987375,75
3,1691287200.0,0.10571776,75
4,1691290800.0,0.09857625,75
5,1691294400.0,0.0354186,75
6,1691298000.0,0.075532705,75
7,1691301600.0,0.12385632,75
8,1691305200.0,0.20507224,75
9,1691308800.0,0.18466565,75
10,1691312400.0,0.2701766,75
11,1691316000.0,0.30305812,75
12,1691319600.0,0.3367945,75
13,1691323200.0,0.3570754,75
14,1691326800.0,0.35751697,75
15,1691330400.0,0.39050078,75
16,1691334000.0,0.3987573,75
17,1691337600.0,0.42480025,75
18,1691341200.0,0.37892213,75
19,1691344800.0,0.2866385,75
20,1691348400.0,0.22038375,75
21,1691352000.0,0.15330735,75
22,1691355600.0,0.11941416,75
23,1691359200.0,0.08881512,75
0,1691276400.0,0.074369825,79
1,1691280000.0,0.11132352,79
2,1691283600.0,0.08164655,79
3,1691287200.0,0.07749055,79
4,1691290800.0,0.07537607,79
5,1691294400.0,0.02701635,79
6,1691298000.0,0.03341905,79
7,1691301600.0,-0.004357868,79
8,1691305200.0,-0.0013059165,79
9,1691308800.0,-0.018133942,79
10,1691312400.0,0.029641338,79
11,1691316000.0,0.062522784,79
12,1691319600.0,0.082235344,79
13,1691323200.0,0.10251621,79
14,1691326800.0,0.095853776,79
15,1691330400.0,0.081014395,79
16,1691334000.0,0.08325458,79
17,1691337600.0,0.06080449,79
18,1691341200.0,0.014926407,79
19,1691344800.0,-0.0056174053,79
20,1691348400.0,0.014570549,79
21,1691352000.0,0.0092028575,79
22,1691355600.0,-0.0011111547,79
23,1691359200.0,-0.022736235,79
0,1691276400.0,0.05812768,87
1,1691280000.0,0.09183805,87
2,1691283600.0,0.071199596,87
3,1691287200.0,0.0670436,87
4,1691290800.0,0.0599021,87
5,1691294400.0,-0.0032555535,87
6,1691298000.0,0.030617386,87
7,1691301600.0,0.0023894696,87
8,1691305200.0,0.0022909283,87
9,1691308800.0,-0.018971164,87
10,1691312400.0,0.030078404,87
11,1691316000.0,0.06295984,87
12,1691319600.0,0.059587356,87
13,1691323200.0,0.06814389,87
14,1691326800.0,0.06173294,87
15,1691330400.0,0.07709193,87
16,1691334000.0,0.08534852,87
17,1691337600.0,0.09334893,87
18,1691341200.0,0.04747087,87
19,1691344800.0,0.023749458,87
20,1691348400.0,0.038670883,87
21,1691352000.0,0.01045601,87
22,1691355600.0,-0.023437208,87
23,1691359200.0,-0.026416847,87
0,1691276400.0,0.18728106,88
1,1691280000.0,0.20692857,88
2,1691283600.0,0.17725156,88
3,1691287200.0,0.17309554,88
4,1691290800.0,0.14678435,88
5,1691294400.0,0.083626695,88
6,1691298000.0,0.14626637,88
7,1691301600.0,0.225667,88
8,1691305200.0,0.45951805,88
9,1691308800.0,0.48660615,88
10,1691312400.0,0.59955925,88
11,1691316000.0,0.6412203,88
12,1691319600.0,0.6849465,88
13,1691323200.0,0.7306546,88
14,1691326800.0,0.7611719,88
15,1691330400.0,0.84152275,88
16,1691334000.0,0.9591941,88
17,1691337600.0,1.1375504,88
18,1691341200.0,1.091672,88
19,1691344800.0,0.8396213,88
20,1691348400.0,0.57392627,88
21,1691352000.0,0.35059837,88
22,1691355600.0,0.30790472,88
23,1691359200.0,0.20741473,88
0,1691276400.0,0.22409062,90
1,1691280000.0,0.25494298,90
2,1691283600.0,0.13800925,90
3,1691287200.0,0.11493751,90
4,1691290800.0,0.107795976,90
5,1691294400.0,0.044638354,90
6,1691298000.0,0.08475247,90
7,1691301600.0,0.117932096,90
8,1691305200.0,0.28778064,90
9,1691308800.0,0.436944,90
10,1691312400.0,0.4873679,90
11,1691316000.0,0.5227429,90
12,1691319600.0,0.676556,90
13,1691323200.0,0.69683677,90
14,1691326800.0,0.69478476,90
15,1691330400.0,0.72776854,90
16,1691334000.0,0.7385186,90
17,1691337600.0,0.7433458,90
18,1691341200.0,0.6949742,90
19,1691344800.0,0.63777757,90
20,1691348400.0,0.5235998,90
21,1691352000.0,0.34823212,90
22,1691355600.0,0.24688576,90
23,1691359200.0,0.20593295,90
